0,0,1,0,1,1,1
-0.4999979493,-0.0346290828,0.7014864903,-0.3782844055,1.4730096891,1.0867364568,1.1148595108
0,1,1,0,1,0,0
-0.2867917741,1.3466588723,0.5544148537,0.3893645902,0.93322979,-0.0367929808,0.2044441566
0,1,0,0,0,1,1
0.1195234441,1.8656543119,-0.2176619374,0.5545426788,0.8601751547,0.4645831252,1.0401792806
0,0,1,0,1,1,1
0.0666260142,0.2771555534,1.4585167804,0.2673915329,1.0653203275,0.8704798466,1.0828063324
0,0,1,1,0,1,0
0.1547931739,0.4694085113,0.953547411,1.3652596624,0.1612492697,1.0215847219,0.0796862339
0,0,0,1,1,0,1
0.2108622217,-0.2096060825,-0.3984025096,1.1383993937,1.6645325887,0.2141876506,0.4404025557
0,1,0,0,0,1,1
0.5323546297,0.947020122,-0.2784273986,0.5511144005,-0.0205376613,0.820080334,1.3819349841
0,1,1,0,1,0,0
-0.0911437486,0.6077806032,1.6350886008,-0.6769351603,0.939138129,0.1879989378,0.1252667368
0,1,1,1,0,0,1
0.792904906,1.5862566274,0.9747277047,1.5836051268,0.1251206585,-0.4837111581,0.1911694309
0,0,1,1,0,1,0
-0.0869320737,-0.0182848112,1.0741625728,0.3343263796,0.0777108384,0.833371809,0.3162747045
0,0,1,1,0,1,0
-0.1018383746,-0.7220106347,0.9982603321,-0.0849870563,0.0374824598,0.6644362115,0.1087675978
0,0,1,1,0,1,0
-0.2222044085,0.5155762637,0.7923124379,0.8531707498,-0.155664308,1.0458654311,-0.1432301487
0,1,0,1,1,1,0
0.3341294585,1.1597914603,-0.4297132521,0.7432219782,0.8259420775,0.576801831,0.2303831773
0,1,0,1,1,1,0
0.0187926637,0.7514119346,0.1891680755,0.9546906553,1.0210791329,0.9302816809,0.3848866082
0,1,1,0,1,0,0
-0.3412608968,1.3972698904,1.2353386531,0.5566287936,0.5190675513,-0.1551147918,-0.2946788361
0,0,1,0,1,1,1
0.2824125396,0.2476032649,1.1065630356,0.0881343965,0.9771927907,1.1964665236,1.4500330633
0,1,0,0,0,1,1
0.3752244246,1.1278580196,0.2245962594,-0.1531050864,-0.4286676828,1.297529267,1.3019093638
0,1,1,0,1,0,0
-0.9804323888,0.9393004511,1.0105586498,-0.4136953982,0.8614116756,0.4305926608,-0.2822460721
0,0,0,0,0,0,0
0.2952821838,0.3286081839,-0.451340506,-0.6103875254,0.8091743586,0.3455704759,0.1598212595
0,1,1,1,0,0,1
0.1386855078,1.1663240757,0.9801977719,0.9154314574,-0.4541495275,-0.2036166606,0.6024060566
0,1,1,0,1,0,0
0.1937326325,0.5521079383,1.1999221395,-0.528549046,0.9317995144,-0.2637612231,0.7669481586
0,1,1,1,0,0,1
-0.5762943778,0.6795063721,1.2579904025,1.1360189931,-0.131658837,-0.2283686776,1.3443793127
0,1,0,1,1,1,0
0.8564627284,0.4674915415,-0.00556033,1.428052714,1.0029974473,0.871811764,0.663513193
0,1,0,0,0,1,1
0.0647804216,1.694338323,0.1507739777,-0.545651927,0.7122910138,0.9986982285,1.038894527
0,1,0,0,0,1,1
0.3317180507,0.4555563568,0.0821615292,0.6509158653,-0.3277383998,0.7031034043,1.5644310703
0,1,1,0,1,0,0
0.1875553223,0.9379757662,1.1111882539,0.018551619,0.5771526319,0.5040252927,-0.2733875333
0,1,1,1,0,0,1
-0.5557080849,0.6908347002,1.0207679862,0.9706521697,0.3381129437,-0.5800998523,0.8509142012
0,1,1,0,1,0,0
0.2292395589,1.0865785036,0.9529602114,-0.5090423339,1.2119108396,-0.1537967014,0.2925245087
0,1,0,1,1,1,0
0.0188693934,1.05659316,-0.3757983557,0.8385230163,1.0274167841,0.4709660235,-0.0838599281
0,0,0,1,1,0,1
-0.1860629654,-0.2574713685,0.2510587591,0.8736035998,0.1367308401,0.914669772,0.9432081889
0,1,0,1,1,1,0
0.0805856297,1.4368891293,0.245596582,1.0817749959,0.9680630565,0.7048365552,0.8742715524
0,1,0,0,0,1,1
-0.4917073076,0.844500558,-0.3903675236,0.2865082733,0.1064425335,1.1493674974,1.4219305906
0,0,1,0,1,1,1
-0.2287083821,0.0978831997,1.7024578805,-0.1406050977,0.8994781414,0.5694132376,0.8667275338
0,0,1,0,1,1,1
-0.2683377532,0.2143838904,1.0934917026,-1.0159667836,1.5584581641,0.4582977398,0.3595806244
0,0,1,1,0,1,0
-0.3450684502,0.9172845779,0.8314773483,1.66473428,0.5708948361,0.5646859103,-0.179349313
0,1,0,1,1,1,0
0.2136124965,0.4800292851,0.2140608183,0.2967274521,0.9497677947,0.9859483592,0.3265493208
0,1,0,0,0,1,1
-0.3516424358,0.6426424445,0.5651249059,0.3697867784,0.0188245296,1.2988596351,1.0092996493
0,1,1,0,1,0,0
-0.0536139968,1.3430837431,0.7444751104,-0.1363658222,0.5896785924,0.0262743731,0.1728820576
0,1,1,0,1,0,0
-0.3329946819,1.0220611096,1.2567726178,0.6124927261,0.8321675735,-0.7265594134,0.136344178
0,1,1,1,0,0,1
0.1589965806,0.9310519752,1.2778182737,0.9575711195,-0.3547373079,-0.3314868717,0.780890754
0,0,0,1,1,0,1
-0.0673343839,-0.7337102606,0.6132572858,1.6247660522,1.1650704652,-1.0412788768,0.4153733776
0,1,1,1,0,0,1
0.1695449287,1.6906501382,0.6372118918,1.6149088388,0.2490791672,-0.4250633897,0.8115908655
0,0,0,1,1,0,1
0.396922033,0.0120590763,-0.4380320468,1.4865230185,0.9294236851,0.5991935531,1.141811875
0,0,1,0,1,1,1
-0.5646698046,0.1314763702,1.3631862684,0.3309360206,1.2391627042,1.0151989426,0.9352749735
0,1,0,1,1,1,0
-0.0402555262,1.2681563001,-0.6696952978,-0.1038908182,1.4321987072,1.7428037133,-0.1086396057
0,1,0,1,1,1,0
-0.293704579,1.6100066354,0.2552486622,0.8954071379,0.9653604642,0.983061027,0.0434894337
0,1,0,1,1,1,0
0.0107470249,0.440030154,0.5171954708,0.8750958698,0.8221068346,0.7646649108,0.2668564289
0,1,1,1,0,0,1
0.4718493646,1.359684011,1.3918361114,1.2557510894,0.1100859791,-0.7032242846,0.5177976599
0,0,1,0,1,1,1
0.910868045,0.0148807543,0.9863139635,-0.0906133173,0.6392035715,1.0790655385,0.3525541011
0,0,0,1,1,0,1
-0.6962929028,0.2643394653,-0.1945351287,0.4414815221,0.7407015466,-0.6087432215,1.5059086075
0,0,1,1,0,1,0
0.5678071085,0.3834468585,0.3209758068,1.2513570559,-0.1219192385,1.1625845825,0.1259139737
0,0,0,0,0,0,0
-0.35567737,0.0924012014,-0.0486024678,0.164464524,0.1166415543,-0.2285633269,-0.3526403587
0,1,1,0,1,0,0
0.2791857272,0.8703523125,0.8774232651,0.3189021099,1.3546478554,-0.2834139264,-0.3480427324
0,0,0,0,0,0,0
-0.0674771513,0.2567832607,-0.3523354647,-0.3258667279,0.6566724214,0.2602639969,1.1305420606
0,0,0,0,0,0,0
-0.5263565428,-0.5400995442,-0.0410991276,-0.5508313807,-0.8516344675,-0.2060494064,0.069048721
0,0,0,0,0,0,0
0.3540113011,0.0610801923,0.1883416567,-0.2913680445,-0.0432171374,-0.2410076575,0.16330813
0,1,0,0,0,1,1
0.48476409,0.6495074711,-0.312663514,0.4834081975,0.4989935582,0.7287189175,1.4780528401
0,0,1,0,1,1,1
-0.1824756407,-0.2244327416,2.0198821152,0.0591425587,0.4825127023,0.7442824951,1.144945943
0,1,1,0,1,0,0
0.1714069763,1.1507592727,0.4470447522,-0.1120426562,1.2378978413,0.2602795675,0.1547161368
0,0,1,1,0,1,0
-0.0442486718,0.0152476355,0.4100501009,0.9006569431,-0.4538377293,1.5015854404,0.2968629396
0,0,0,0,0,0,0
-0.3766739494,-0.0542671261,-0.0155712865,-0.7174163972,0.5495779726,-0.0316086645,-0.0739522377
0,0,1,1,0,1,0
-0.1445512087,-0.0498033203,1.3134043469,0.4570564677,0.5216331218,1.7447677263,-0.8506285287
0,1,1,1,0,0,1
0.0347263723,0.6382698376,0.894292434,1.6281331325,-0.0418234661,-0.189924091,1.211870105
0,0,1,1,0,1,0
-0.3222878155,0.9907332533,0.8406078295,1.1324609141,-0.3844207986,1.130231994,0.0766574233
0,0,1,1,0,1,0
0.1646918827,-0.2131467258,1.0159245976,1.4073221288,-0.7166343595,0.9225341063,-0.2063404928
0,1,0,0,0,1,1
-0.0513382452,0.61510139,-0.54156825,-0.5701713552,-0.0421312906,1.585320778,0.6395160958
0,0,0,0,0,0,0
-0.5455525514,-0.4075166056,-0.0993328747,-0.5105911869,-0.2628406648,-0.6991599562,-0.1450348689
0,0,0,1,1,0,1
-0.8053853755,0.137194785,-0.2563251732,0.5815932093,0.6706730599,-0.6531338193,0.3231340689
0,1,0,1,1,1,0
0.1822320248,0.696487911,-0.9534876996,0.8601675568,1.1507859421,1.3404333974,0.0339263992
0,1,0,1,1,1,0
-0.0588475889,1.0379991292,0.0002016154,0.8915697646,1.1720835266,0.9128737909,-0.5455434753
0,0,1,1,0,1,0
0.7882295812,0.1684330609,0.8700682977,1.1236392916,-0.401494895,0.6126109561,0.0001682337
0,1,0,1,1,1,0
0.4662902888,1.2667625555,-0.2995861756,0.9518004282,0.8746403786,0.4987200873,0.1036547221
0,0,1,0,1,1,1
0.4788263722,0.139512411,0.8584940276,-0.1178342715,1.3773650893,0.6839860419,1.3163792409
0,0,0,1,1,0,1
-0.2948535142,0.2904454306,-0.3193604289,1.2911919027,1.528665911,0.56532285,1.4334116619
0,0,1,0,1,1,1
0.3652837889,0.2574751685,0.4293811909,0.4347371217,0.9901122873,1.1645637369,1.3554002714
0,1,1,0,1,0,0
-0.280197617,0.5544838528,0.6514521148,0.0779381539,1.0351315509,-0.425855128,0.2814370484
0,1,0,1,1,1,0
0.1819669081,1.082485291,-0.257972714,1.1769137154,0.6751736618,1.7645732537,0.2328582422
0,1,1,1,0,0,1
-0.4196408791,0.9412257181,0.4276061813,1.2606878903,-0.3263011652,0.0219941834,1.4894614943
0,0,0,0,0,0,0
0.3225334023,-0.0178424369,0.1752364706,-0.0638394396,0.0771655777,-0.6540283129,-0.409640807
0,0,1,0,1,1,1
0.4459253405,-0.3378672622,0.6724799952,-0.1124791115,1.6189003689,1.2220945833,1.5912513026
0,1,1,0,1,0,0
-0.6947487833,1.08575761,1.2788335402,-0.234394535,1.1844484304,-0.0240263751,-0.1431784735
0,0,0,0,0,0,0
-0.4799843214,-0.1875559207,1.171960966,-0.130037033,-0.2331116834,-0.3314585706,-0.082312643
0,1,1,0,1,0,0
-0.3191312711,1.0566280412,1.400194415,-0.2011489214,1.3125370152,0.1353710621,-0.3519380235
0,1,0,0,0,1,1
-0.6260447436,1.2455807636,-1.0456236354,0.075876141,0.0372225817,1.0214608725,0.6262198762
0,0,0,0,0,0,0
0.0803618756,-0.2247907461,-0.4113164808,0.3038799109,0.3132137187,0.2445131508,0.5340632067
0,1,1,1,0,0,1
-0.1418414969,0.9456953081,1.0953360363,0.4544532924,-0.3197463799,-0.0127150819,0.7690136506
0,1,1,0,1,0,0
-0.3560871928,1.3050697652,0.813961308,-0.0108527613,0.6984906356,-0.1047879773,-0.0078155128
0,0,0,0,0,0,0
0.3387518178,0.3461965569,0.1175208102,0.1187273103,0.4525990221,0.1084141388,-0.0489514249
0,1,1,0,1,0,0
0.3859609418,1.1116803001,0.9082535484,-0.1979576126,1.1254935158,-0.0829353525,0.0377016372
0,0,1,1,0,1,0
-0.4288187593,0.2768059851,1.0478830312,1.3566569805,0.4139282508,1.1823671365,0.5996103
0,0,1,0,1,1,1
0.0998694899,0.5756726925,0.8033959721,0.5586601896,1.0854906946,0.7988993475,1.1000296504
0,0,0,0,0,0,0
-0.3881947165,-0.3224652597,-0.1688603921,0.1430070116,0.6395496431,0.1594083555,0.0546170127
0,0,0,0,0,0,0
-0.3232504699,-0.0270792564,-0.5340655385,0.0316861615,0.4821588008,-0.2471168746,0.1969946443
0,1,1,0,1,0,0
-0.0070669177,1.21704368,0.9142191615,-0.201898012,1.5399823766,0.5592171968,0.3053366571
0,1,1,1,0,0,1
-0.4035804521,1.3230678182,1.1061592557,0.905692688,0.1053709415,0.0512937741,0.6350892675
0,1,0,1,1,1,0
0.9900763076,1.7653829299,0.1218867988,0.6495012721,0.9413853924,0.8477838993,0.1916793623
0,1,1,0,1,0,0
0.2503805202,1.0146539164,1.5268682192,0.051195307,1.1078725229,-0.2448682688,0.3132612752
0,0,1,1,0,1,0
-0.1867545517,0.3310330174,1.1387797025,0.8764295597,-0.219488239,0.90722593,0.2631249424
0,1,1,1,0,0,1
-0.0409109355,0.6880521396,0.9111301843,2.0582039224,-0.3389744783,-0.5774423497,0.4212298204
0,1,1,1,0,0,1
-0.4136149684,1.4941525147,1.3654371339,0.3108982901,-0.1351689502,-0.496942027,0.9170253432
0,0,1,0,1,1,1
-0.0638884681,-0.1786479001,1.0687134165,0.3015040416,0.6336692184,0.9896863434,1.0246985034
0,1,1,0,1,0,0
0.1792409373,1.4163771351,1.1554989582,0.4366230878,0.9718830503,-0.2126438098,-0.1251645767
0,0,1,0,1,1,1
0.0465642464,-0.0877975431,1.0953043163,-0.4549526532,0.8335132913,0.7415944644,0.2291842597
0,1,0,0,0,1,1
0.0782230385,0.544231148,-0.532637951,-0.0564649194,0.328918123,0.568253277,1.1494937155
0,0,0,1,1,0,1
-0.2271088603,-0.5439445352,0.7681105675,0.4216739308,1.1415345295,0.1368933913,0.8092152561
0,0,1,1,0,1,0
-0.2964442085,-0.2211257,0.1237916079,1.1253613299,-0.0315997014,0.6224999925,-0.0349455555
0,1,0,1,1,1,0
0.153686251,0.7866098331,0.3452522584,0.879401924,0.8850787214,1.264669651,0.908571681
0,1,0,1,1,1,0
-0.6314360302,0.6899151384,-0.2361448665,0.1441530895,1.0453492004,0.8181240635,-0.3122729275
0,1,1,1,0,0,1
-0.2871738629,1.3658161622,1.0470801442,1.0303292686,0.2351529889,0.0948233127,1.047809837
0,1,0,0,0,1,1
0.072403225,1.2368490268,1.04449179,0.5011005722,0.0131226479,1.2235087018,1.1897418363
0,1,1,1,0,0,1
0.2827441915,1.1999106432,1.2102881145,1.0417892402,-0.0854035324,0.7116449184,0.1717199086
0,1,1,0,1,0,0
-0.0799240832,1.983960199,0.7863233152,-0.3752081947,0.7156349895,-0.0400705914,0.829527718
0,0,0,1,1,0,1
-0.0495054466,0.745792026,0.1180549753,0.1957564665,0.7161473937,-0.0398497041,1.9749984262
0,0,1,1,0,1,0
0.0215077398,-0.2395155801,0.6860582739,1.2397755967,0.3059193061,1.118225995,-0.2180887282
0,1,0,1,1,1,0
0.1872806925,1.0400603223,0.4643934915,1.3334450717,0.5043948855,1.4525054764,0.4009351748
0,0,1,0,1,1,1
-0.1427396792,0.4840468547,1.195582042,0.4050993147,0.9580528296,1.5921452632,1.2634562288
0,0,0,1,1,0,1
-0.0872297328,0.0718646956,0.4137010809,1.1524669479,1.3221009153,-0.1346706802,1.3856232491
0,0,0,1,1,0,1
0.6290767857,0.5689828934,0.4712416365,1.2083525042,0.7397535724,-0.3367162261,1.1181146763
0,1,1,1,0,0,1
-0.8217209911,1.3055536972,0.7124177478,1.1691275593,0.0755913021,-0.4060327887,1.2293999733
0,0,0,1,1,0,1
-0.1571754605,0.0676840823,0.2174655002,0.3149895492,1.4263514921,0.0397285343,1.2090185006
0,0,1,0,1,1,1
-0.0767249497,-0.02344784,1.9510548932,0.5289859178,1.1344780823,1.3097213624,1.1554847511
0,0,0,0,0,0,0
-0.2265580804,-0.4913206245,0.1405205974,-0.2180604667,0.4844690317,0.2508385794,0.1983862871
0,1,1,1,0,0,1
0.4657848896,0.9926630595,1.3756129631,0.639434838,-0.4072818861,-0.1377797124,1.1158805626
0,0,0,0,0,0,0
-0.6589644775,-0.5489005989,0.2034634314,-0.8128638767,-0.1138414305,0.8545437309,0.1097523525
0,1,1,1,0,0,1
-0.0724835691,0.7365876749,0.4543184041,0.7208357393,0.2190463215,-0.0061142075,1.3808768037
0,1,1,1,0,0,1
-0.1610721309,1.0947831588,1.475889957,1.1655940467,0.8634202837,-0.9006566546,1.0511573647
0,1,1,0,1,0,0
-0.000665021,0.6656069448,1.0321392724,0.2732579807,1.5311318794,-0.2189191308,0.0062696885
0,0,1,1,0,1,0
0.5140127217,0.3313728933,0.9653843744,0.7597389081,0.2866773621,1.3916017462,-0.2177020631
0,1,1,0,1,0,0
0.0284413898,1.6966377592,1.1420320098,0.3957367212,1.6125421936,0.2538564658,0.2701300926
0,0,1,1,0,1,0
0.277950151,0.0726063563,0.7598444269,0.9580297655,-0.2568594977,0.9839248335,-0.0761217469
0,1,0,0,0,1,1
-0.4603091637,0.3720224461,-0.464435319,0.1641063003,0.2254587411,0.6594326765,0.3387004971
0,0,0,0,0,0,0
-0.3436242189,-0.2310499601,-0.0442477394,0.0402934305,-0.3141151756,0.0060278217,0.2837643457
0,0,0,0,0,0,0
0.0380947878,-0.3915846543,0.0603051694,-0.4762131636,0.3015802545,-0.3170737594,0.0178959287
0,1,0,0,0,1,1
0.1856185786,1.1485978887,-0.3896952212,-0.1872585091,-0.3399108176,0.8861753287,1.3151116669
0,0,1,1,0,1,0
0.0815133052,-0.6088293229,0.9275201651,1.5397278248,0.0392618559,0.8197586259,0.1708225031
0,0,1,0,1,1,1
0.8841828928,-0.3476455121,0.887095461,-0.4366695967,1.2793598067,0.943958117,1.3237375749
0,1,1,0,1,0,0
0.4942624365,0.5217801262,1.1152524061,-0.2768021433,1.6787049042,0.2781532624,0.2676995904
0,0,0,0,0,0,0
0.3103266969,-0.0257227762,-0.5701973816,0.4026434442,0.3291834267,0.1960408416,-0.2049235986
0,0,1,0,1,1,1
-0.131821409,-0.1494392926,0.8665061247,-0.471196012,1.0212235049,1.0832727207,0.85057053
0,0,1,0,1,1,1
0.1550508194,-0.5524181814,0.955188136,-0.0006892958,0.695118932,0.9577670905,1.2257285535
0,1,1,0,1,0,0
0.4091688885,1.8220343033,0.8356796734,-0.2140412675,0.8382558665,0.2921330471,-0.5608665086
0,0,0,0,0,0,0
0.4831336422,-0.6718693007,0.3495457876,-0.2147774264,0.1681739777,-0.0770924112,-0.4751233002
0,0,0,0,0,0,0
-0.1153371959,-0.5262978037,0.0511747399,0.0463934893,-0.0953029541,-0.5195123163,-0.2417527207
0,1,1,0,1,0,0
0.0115711049,1.074636181,1.3732522149,0.0290238253,1.3215469395,0.0689833531,0.0419139522
0,1,1,1,0,0,1
-0.3897913358,0.3247117649,0.8115163687,1.2304672423,-0.0432300496,1.14873383,1.0800987136
0,0,1,0,1,1,1
0.0285881536,-0.0625115707,1.0020740872,-0.5304561681,0.9016870058,1.5632462287,1.3913148654
0,1,0,1,1,1,0
0.1075711259,0.6017286856,0.1374222143,0.8932389972,0.914578381,0.6269059384,0.4149825101
0,0,0,0,0,0,0
0.7815264093,-0.3290030827,-0.0070277186,0.1139846417,0.3356114583,-0.5277874123,-0.4272087245
0,1,1,0,1,0,0
0.4131851302,0.8347563995,0.7670770823,0.1420679938,1.3365769738,0.742008497,0.1841777497
0,1,0,1,1,1,0
0.6315900511,1.159804476,0.7265973028,1.0879665592,1.0186414513,1.4203671968,0.3873963234
0,1,0,0,0,1,1
0.211868739,1.1595611586,-0.383935246,0.2505863087,0.5598197351,0.5448554258,1.0567404775
0,0,1,1,0,1,0
-0.2381596243,-0.0246513924,1.0562759378,1.0441977074,0.0636321653,0.7400777099,-0.3218344958
0,1,1,0,1,0,0
0.6027964862,0.8910137093,1.0840482835,0.4831781452,0.5460013011,0.1729941494,-0.7148507004
0,0,1,0,1,1,1
-0.3565549774,0.0806254842,0.7694257061,-0.4639952865,1.1404294883,0.5568713239,0.5567278975
0,1,1,0,1,0,0
-0.8449156855,1.1702991099,0.5117389812,-0.2412915575,0.9167796297,-0.6629831113,0.0253681526
0,0,1,0,1,1,1
-0.4780719138,-0.0525638057,1.6640232535,-0.0024515463,0.8875904236,1.21853627,0.7306048345
0,1,0,1,1,1,0
0.3910102775,0.6999099793,0.5356935577,0.8201775704,1.0666590745,1.1710764144,-0.0867637815
0,0,0,1,1,0,1
0.0323129581,0.3378240884,0.1264069174,0.8081203387,1.0157012245,0.56377017,1.2994371622
0,1,0,0,0,1,1
-0.1328423964,1.1797196646,0.4796828623,0.4845766364,-0.3456092829,1.5116165285,1.3764445259
0,0,0,0,0,0,0
0.7096096818,0.1470200355,-0.0274688487,-0.1969955664,0.0031706384,0.0775135096,0.2296467007
0,1,1,0,1,0,0
0.1180996539,1.2875018101,0.6285787304,0.1664686472,0.7638160293,0.1684749739,-0.0064393613
0,0,0,1,1,0,1
-0.1775147507,-0.3742879679,0.249577468,0.5282092611,1.0079374094,0.4175083908,1.110775365
0,1,0,1,1,1,0
0.1577727551,0.8447457033,0.2844037129,1.533540979,0.8510363049,1.2031626138,0.3467515088
0,0,1,1,0,1,0
0.1438406002,-0.3116383066,0.6693134263,0.1200660861,-0.150973262,1.711512254,0.1646417315
0,0,1,0,1,1,1
-0.1778750532,-0.4431955132,0.7373061939,0.1463025734,0.8796841339,0.5843052107,0.9201144156
0,1,0,1,1,1,0
0.6137949064,1.7928773698,-0.2554830056,0.2640441989,1.8799104653,0.6683973029,-0.2723789253
0,0,1,1,0,1,0
0.167546892,-0.0688150167,0.4642534274,0.0267862057,0.0552821668,1.1550453998,-0.2259909152
0,0,1,1,0,1,0
-0.2212790357,1.0185422466,1.4645989865,-0.2038218699,0.1115400893,1.3118313868,0.2353835611
0,0,0,1,1,0,1
0.1587139788,0.4693729824,-0.0163400654,0.8460702593,1.6666508609,-0.1282939959,0.6544824246
0,0,0,1,1,0,1
-0.2021780836,-0.3263284972,-0.3264326779,0.5943710022,-0.0036344704,-0.0509484135,1.155854937
0,1,0,1,1,1,0
-0.1398640834,0.8042055018,0.2121595076,1.6305996209,0.8254232437,0.9176449617,0.1364993406
0,0,1,0,1,1,1
0.3026414183,-0.1274715553,1.0875544558,0.0231942553,1.0483645107,1.0433058438,0.5263174177
0,0,1,1,0,1,0
0.3416842466,0.6936879879,1.0888922305,1.0588434534,0.0022044084,0.48763882,0.2905938668
0,1,1,1,0,0,1
-0.3000312447,1.09485721,1.3454356375,0.6337697924,0.0179239705,0.0515987554,1.0267710014
0,1,0,0,0,1,1
0.0487897846,1.0523364205,-0.2884627884,0.1071891509,0.11045044,1.3262652643,0.5642493939
0,0,0,0,0,0,0
0.1375619484,0.3870891126,0.0409588443,-0.2655663429,-0.6666320244,0.631952272,0.2086864126
0,1,0,1,1,1,0
0.4940927231,0.5165525824,-0.1659634961,0.5624698408,1.4071487735,0.8530090427,-0.5895005155
0,1,1,1,0,0,1
0.3938585199,0.5032534324,1.5958108351,1.2159741931,0.5121902687,0.5251111315,0.2417269119
0,0,1,1,0,1,0
-0.4374513558,0.5884871543,1.0721111891,0.4477087397,0.5415163026,1.0759197626,0.0978048562
0,0,1,0,1,1,1
-0.2996449536,-0.1092565677,1.1723947657,0.4569180391,1.2185976819,0.9685464932,0.9783757689
0,0,1,0,1,1,1
0.4127286096,0.2900104262,0.9362742971,0.0096503903,1.1712877835,1.6207864914,0.5411678341
0,1,1,1,0,0,1
0.3096983773,1.4132508731,1.1993944141,0.9562405999,0.114668284,-0.6323945452,0.9574428597
0,1,0,0,0,1,1
-0.1319768579,1.2337926978,-0.2469192756,-0.2276726494,-0.1402795101,0.2050490842,0.8088387813
0,1,1,0,1,0,0
0.0204197997,1.6239331611,1.0625916105,0.3652019786,1.5121623097,0.2640509794,-0.2346265742
0,1,0,0,0,1,1
-0.2745786465,1.0654035961,-0.3050119568,-0.3409247477,-0.2955394998,0.1425390256,0.9393704689
0,1,1,0,1,0,0
-0.1778139627,1.3541223811,1.0483603627,0.1707201115,1.1753876951,-0.5878158087,-0.0762525122
0,0,1,1,0,1,0
0.601759667,0.3787504864,1.5265273801,0.7628561343,0.1506475683,0.5186887252,0.8007598235
0,0,0,0,0,0,0
0.2379584181,-0.5033773185,0.2865258288,0.6523735812,0.0574531744,-0.4657950173,0.4431104111
0,0,1,1,0,1,0
0.307388164,0.3480069504,1.4045692715,0.5877229187,0.0717835178,0.5426957031,-0.1101381513
0,1,0,1,1,1,0
-0.6249929611,1.2260500033,0.4204478903,1.4738686784,1.712827265,1.3012083409,0.2863212255
0,1,0,0,0,1,1
0.3121587291,0.875367865,-0.2480345876,0.033693176,0.3038322408,0.8167104556,0.8373892181
0,1,0,0,0,1,1
-0.0166796777,1.5987647107,-0.35757419,-0.1325639261,-0.5712962862,0.5850369136,0.8590280971
0,0,1,0,1,1,1
-0.3223268392,0.212231798,1.0978730779,-0.1048275918,1.2977391951,1.0470582449,0.943621227
0,1,0,0,0,1,1
0.1643078402,0.896130206,0.0925107923,-0.204740677,0.1098754688,1.9274590019,1.167910924
0,1,0,1,1,1,0
-0.0167803073,0.9504017064,0.431805924,1.3848242666,1.7609977059,1.0588908733,1.0046010277
0,1,1,1,0,0,1
0.6550374933,1.3658020808,1.9258387486,1.5992407013,-0.6382121169,0.015780138,0.337623681
0,0,0,0,0,0,0
0.1838594984,0.1986872029,-0.3415517701,-0.5905469501,0.6626294646,0.1583170111,0.5734583315
0,1,0,1,1,1,0
-0.2294943313,1.0170682114,0.2392477541,1.6684738751,0.5932830622,0.8471597023,0.4014142194
0,0,0,1,1,0,1
-0.6237368661,0.6173155293,0.0468453667,1.2965075948,0.6483661127,0.1560170775,0.8087739823
0,1,1,1,0,0,1
0.2439043491,0.5762877361,1.036294321,0.3127831594,0.1601438838,0.8108512369,0.3852287809
0,0,1,1,0,1,0
0.4335563038,-0.2990035289,1.2401796371,0.9190245459,0.25877827,0.6997277785,-0.1008221013
0,1,1,1,0,0,1
0.1204371298,1.7403492685,1.6018710621,1.3274239924,0.3656609394,0.0887679502,1.1067092809
0,1,1,0,1,0,0
0.3975830726,0.6380075496,0.6519677309,-0.541305666,1.1657536469,-0.0686764672,-0.6683188406
0,0,0,1,1,0,1
-0.5045717567,-0.3246033597,0.1091623695,1.0895539164,0.1556828046,0.13073957,0.8697270963
0,0,1,1,0,1,0
0.5956221556,0.4441465619,1.0949658955,1.1551994631,0.0168142416,1.7165903798,0.1794888317
0,1,0,1,1,1,0
-0.0923641771,0.5006402147,0.1267836791,0.9455014844,0.4108418442,0.5385896269,-0.0276637073
0,1,1,0,1,0,0
-0.1879574408,1.0457057921,0.944728679,-0.3362677985,1.302375324,-0.4630789266,0.3245225325
0,0,1,0,1,1,1
0.465835455,-0.3265143569,0.935937427,0.5632068649,1.5964611342,1.1577875517,1.3110174496
0,1,0,0,0,1,1
-0.1283467029,1.0380883687,-0.2746515537,-0.3676192491,-0.0735056019,0.9075005204,0.6661878101
0,1,0,0,0,1,1
0.4243928397,0.7215545651,0.1830542673,-0.0797784091,-0.3040592074,0.67141578,1.3608814935
0,0,1,0,1,1,1
0.4220502746,-0.0236264183,0.8763147831,0.2181445727,0.5347061621,0.6345633244,1.6632039512
0,0,1,0,1,1,1
1.0565248322,-0.462407608,0.9395148884,0.0397133303,0.929773431,0.6418921639,1.6758777793
0,0,0,0,0,0,0
-0.1025448283,-0.0276212259,0.0994376832,-0.4153496356,0.4618091296,-0.2631720735,-0.0148207431
0,0,0,1,1,0,1
0.3061611563,0.2719016574,0.3130490599,1.2619775641,1.1158756268,0.2776038963,1.406917885
0,1,1,0,1,0,0
-0.3643248102,0.745673703,1.3286314163,0.2405532292,1.5274175461,0.1796241306,0.0477994331
0,0,1,1,0,1,0
-0.1128213226,0.2795189868,0.8543838884,1.1374647584,-0.0139303596,0.9368465329,0.2476300971
0,0,0,1,1,0,1
-0.2573462952,0.3250049301,0.4589900239,0.4423305694,1.0985027231,-0.3701791344,0.625434497
0,0,1,0,1,1,1
-0.0131730394,0.2672931984,0.5375042909,-0.0515567622,0.5663920377,1.3925844762,1.5181951266
0,1,0,1,1,1,0
0.2881680836,1.1050519162,-0.5721090894,1.3713624816,1.2347020661,1.3609423056,-0.0934849451
0,1,1,0,1,0,0
0.4097566328,0.8592561053,0.9885215725,-0.187772349,1.1478118253,0.0440175907,0.0982865074
0,0,1,0,1,1,1
0.1895318315,0.4239140595,1.3657969565,0.6520080146,2.0942248489,0.6411565456,0.8906974572
0,1,0,1,1,1,0
-0.1938076867,1.9077371037,0.2557594816,0.5177263299,0.7434559208,0.5322934206,-0.4831132557
0,0,0,1,1,0,1
-0.1329108776,0.3168316878,0.8761977392,0.9907552999,0.6423412108,0.0764929599,1.2639037537
0,1,1,1,0,0,1
-0.2017023842,1.194424984,0.9717180944,1.0005754699,-0.2108014144,0.0906076165,0.6633851009
0,0,0,0,0,0,0
0.2859938359,-0.0232197914,-0.2753851697,0.2556684348,-0.2609547651,-0.4690782935,0.3449749805
0,0,1,0,1,1,1
-0.3419478141,-0.3135316498,0.9702226442,-0.6691270616,0.4726654731,0.7783511055,1.4485509351
0,0,1,1,0,1,0
0.1454891978,0.1462682362,0.7385395796,1.6678055705,0.0862880412,0.5477784162,0.7824004966
0,0,1,1,0,1,0
-0.5991003,-0.5708155228,1.077587708,1.5446703819,0.2522292128,0.8499002686,-0.175806565
0,1,0,0,0,1,1
-0.2142393616,1.3189114476,0.3326400709,0.371414794,-0.0899683621,1.2955429706,1.2858680973
0,0,0,0,0,0,0
-0.9906520414,-0.2433780332,-0.1447720424,0.1852922328,0.0441512374,0.0018554703,0.6313604767
0,0,1,1,0,1,0
-0.1608069129,-0.2962870189,0.9309050208,1.5747710331,-0.1493598524,1.2901457147,-0.6146108863
0,0,0,1,1,0,1
0.2918388462,-0.1899181717,0.3108906236,1.4941566789,0.925815925,0.5565422187,1.2963530952
0,1,1,1,0,0,1
0.6705657744,0.9142907061,0.9835956949,1.1173734159,0.0486737839,-0.6678368312,1.6863417761
0,1,0,1,1,1,0
0.4799684388,0.8403373213,-0.383453047,1.4690438409,0.7146570045,0.403240219,0.0456622124
0,0,1,0,1,1,1
-0.2973438542,0.2869427764,1.3554164436,0.4809646823,0.5537853223,0.3895435993,0.7573738261
0,0,1,1,0,1,0
-0.3033852535,-0.3599721258,0.5799645464,1.1019383098,0.2211039897,1.4771066415,0.2797665052
0,0,1,1,0,1,0
-0.1113637748,-0.1084537432,0.5346321216,1.0823429985,-0.4465212259,1.2822833248,-0.031147372
0,0,1,1,0,1,0
0.8357454912,0.1163324965,0.5623200034,0.7742329232,0.0402241031,0.8218249711,-0.2319955471
0,1,1,1,0,0,1
-0.0700498277,1.5134188335,0.8159155125,0.7913954011,0.1646052328,0.2340235026,0.6985715404
0,1,0,1,1,1,0
0.040634552,0.4246709536,0.1714015397,1.253505403,1.357877713,1.0577471144,-0.2099013116
0,1,0,1,1,1,0
0.239371123,0.9903641183,-0.0345080875,1.2506141722,1.380386308,1.2872547149,0.6259158817
0,0,1,1,0,1,0
0.4006876405,-0.0624984501,0.7365307293,1.2199813329,0.1755047722,2.1234014398,0.0949256166
0,1,1,1,0,0,1
-0.0708334208,1.774136409,1.0608972955,1.3560104739,0.1618031024,0.0255832704,0.9905464203
0,0,0,1,1,0,1
-0.5677300733,-0.4370480903,0.5702328691,1.5100464251,1.1994650573,-0.3766512979,1.300149594
0,0,0,0,0,0,0
-0.3787705781,0.4448950761,-0.0213848062,-0.4795078094,-0.2728256898,0.3358293842,0.5502435652
0,1,1,0,1,0,0
0.2237882099,0.8550344964,1.054301589,-0.0706182263,0.6805353388,0.2339212871,0.1376812768
0,1,0,1,1,1,0
-0.0456194632,0.5637306206,-0.4884882942,1.5966453903,1.3422451259,0.8639581162,-0.3716857702
0,1,1,1,0,0,1
-0.2296341879,0.985462473,1.048558671,0.8221399685,-0.8994398873,0.4199416929,1.3371221325
0,1,0,0,0,1,1
0.0469800122,0.7376786134,-0.1214329493,-0.7510155629,-0.071344683,1.2929158428,1.0722603335
0,1,1,0,1,0,0
-0.0605162853,1.0579060443,1.6449255175,-0.2820453265,1.3273930462,0.8183908606,0.7049455891
0,0,0,0,0,0,0
-0.109807552,-0.5530302574,0.4463371136,-0.9828927675,0.0485035024,0.3105891866,0.4156748129
0,1,0,1,1,1,0
-0.4584488445,0.6851588569,0.0882563787,1.4491821706,0.9269419251,0.8116105174,-0.2995082087
0,0,1,0,1,1,1
0.5205624378,0.1516369281,1.2996983936,0.0947891131,1.351954554,1.3273050677,1.904063121
0,0,1,0,1,1,1
0.1275633326,-0.0042063026,0.5315067816,-0.6179252175,0.8578561387,1.1587113175,1.5229248964
0,1,1,0,1,0,0
0.3160816734,1.134618738,1.3913242194,-0.4045782179,1.1114023364,0.3508566692,-0.2063589414
0,0,1,0,1,1,1
0.1053787927,-0.0625880701,0.9499550616,0.9493512421,1.2393309342,0.1586749787,0.8250926138
0,0,0,1,1,0,1
0.0612979606,0.6417175037,-0.0512325266,1.733984105,0.7266795745,-0.5359619959,0.9334619534
0,1,0,1,1,1,0
0.1901411873,0.9907377611,-0.5940897256,1.078725491,1.0499504407,0.5010136975,0.3066155326
0,1,1,0,1,0,0
-0.5550194089,1.2073673983,0.3678492137,0.8252969271,0.8146235194,0.3035102852,0.3188900848
0,0,0,0,0,0,0
0.1588532791,0.5351101972,0.6958244135,-0.0886920652,0.0226667881,-0.4954537179,0.2253296624
0,0,1,1,0,1,0
0.5114324247,0.157684164,1.3605216079,1.2094096069,-0.4041811923,1.1725724399,0.0060034736
0,0,0,1,1,0,1
0.4073499624,0.4712171384,-0.4459184808,1.4529129809,0.8879756756,0.2352769297,0.9217855293
0,0,1,0,1,1,1
-0.2962684204,-0.2627932838,1.3536041122,0.448849262,0.2729165956,0.6863193222,0.8796574793
0,0,1,1,0,1,0
0.1313759184,0.227456076,0.7179405579,1.0594091881,-0.207965633,0.918248957,0.2363675514
0,0,1,1,0,1,0
1.0644004609,-0.0577289014,0.8515647379,1.3108488246,0.6703876273,0.5551468241,-0.2301058579
0,1,0,1,1,1,0
-0.0126175588,1.536058415,-0.3983718522,1.2385378561,0.60436232,1.1593649453,-0.3304042826
0,0,1,1,0,1,0
-0.1118351936,0.2184405193,0.6776448573,0.9146970939,-0.1294892032,1.2414143843,-0.1152735071
0,0,1,0,1,1,1
0.5623370473,-0.615069746,0.6833543355,-0.3824606692,0.920782735,0.9184400021,0.7205535087
0,0,1,1,0,1,0
0.6803390753,-0.0021163577,0.8708630985,0.8589548229,0.0739114167,0.3522119614,0.2493725586
0,1,1,1,0,0,1
-0.6642035803,0.8552423518,1.1766229441,0.8039452072,-0.6990708057,-0.0011287626,1.0861014197
0,1,1,0,1,0,0
-0.3486406927,1.3563510557,0.9825498444,0.5857553424,1.7416712052,-0.1594176921,-0.8041882631
0,0,1,1,0,1,0
-0.0259773419,0.617090818,1.219404653,0.1146824837,-0.0265637869,1.1402045991,-0.4190343391
0,1,0,0,0,1,1
-0.0785404746,1.0248195221,-0.1751774056,0.1620955323,-0.1492162191,1.2066807573,0.6571065313
0,1,0,1,1,1,0
-0.0192540629,0.7724267721,0.364087593,0.669234688,-0.2434199422,0.6682300584,-0.3313777734
0,0,0,1,1,0,1
-0.2535922937,-0.30757014,-0.1294070111,0.5843017464,1.3434488679,0.6905843426,0.9601860954
0,0,1,0,1,1,1
0.2735621185,-0.0704581922,0.8626646954,-0.2694281255,1.031084416,1.4817691912,0.890116862
0,1,1,0,1,0,0
-0.1517523502,1.2124600939,1.8460706353,0.1494831508,0.7413444103,0.5298042188,-0.1228806726
0,0,1,1,0,1,0
0.4891371039,0.5648375199,1.5952208264,1.1900972737,-0.301339575,0.9296391892,-0.4075690348
0,0,1,1,0,1,0
0.1233665978,0.126716005,0.9423511191,1.0562420725,0.4738372049,1.8305872527,0.0190295113
0,1,1,0,1,0,0
-0.0055876216,0.9981644652,1.194281334,-0.1410007471,1.2248196753,0.2567904838,-0.0867049396
0,0,0,1,1,0,1
-0.5987644967,0.2467534469,0.1493227368,0.7571888812,1.0538428076,-0.2158324057,0.9942567689
0,1,0,0,0,1,1
0.3948843943,1.8389598502,0.3478548711,-0.2259947293,0.0710342768,1.4768035393,1.4374218349
0,1,0,0,0,1,1
0.6266278264,1.0831556174,0.2949352589,-0.0129197396,0.0035966638,0.4917941858,1.2692858459
0,1,1,0,1,0,0
1.3603097907,1.6309837516,0.775920869,-0.1221047314,1.1350404495,-0.4126588265,0.19348123
0,1,1,1,0,0,1
0.2099278973,1.4509183293,1.620972635,0.7677339362,0.3987338861,0.0557413518,1.3911636087
0,1,0,0,0,1,1
0.0442713666,0.3957771687,-0.1510267775,-0.6518447698,-0.2246950136,1.7866900101,1.7950657312
0,0,0,0,0,0,0
-0.3069000931,0.0512302037,0.2392127816,0.1206383572,0.3717538348,0.0218197404,-0.4570494549
0,1,1,0,1,0,0
0.5480148196,1.2712512396,1.5663158057,0.3352521408,1.0418379256,0.2157588337,-0.0156181568
0,0,0,1,1,0,1
-0.2543914934,0.2120770422,-0.1985569184,1.6264409554,1.4159357441,0.1365994758,1.4446107117
0,0,1,1,0,1,0
0.2453645058,-0.3559771794,1.4390187554,1.4290005687,-0.6596526707,1.2122584748,0.2080326541
0,1,1,0,1,0,0
-0.2894659132,0.51711286,0.8809788309,-0.1851805008,0.9309953612,-0.5481285199,-0.8266319106
0,1,1,1,0,0,1
0.5863322623,1.3141319199,1.039902936,1.1140888502,0.1500459872,-0.9808210054,0.9686338324
0,0,1,1,0,1,0
0.1441020732,-0.2995907288,0.3749423565,0.9358619626,0.7606544734,0.7302644251,-0.6175041172
0,0,1,0,1,1,1
-0.7804673647,0.0454861977,0.7967771464,0.2646109116,0.9179352588,1.6242284937,0.6670676299
0,0,0,0,0,0,0
-0.2371577585,-0.4708946704,-0.009693984,-0.4901452153,0.2189617262,-0.7003228244,0.1133435327
0,1,0,0,0,1,1
0.0655714841,0.7494899237,0.1685098805,0.1137425554,0.4495874487,1.4659953846,1.2951741565
0,1,0,0,0,1,1
-0.8158509686,0.9582208466,0.0548901069,0.1106339318,0.0069173465,1.3422344208,0.8678677892
0,1,1,1,0,0,1
0.1787307538,1.6373484877,1.3402887762,1.4937353111,-0.1096791503,0.507948264,1.1628142928
0,0,1,0,1,1,1
-0.3378085685,-1.2344845768,0.9542417808,-0.1076545977,0.70800316,0.7874214733,0.9066961012
0,0,0,0,0,0,0
0.2216952139,0.602985301,-0.2764034142,-0.0519777163,-0.1560288416,-0.2177681056,0.1649652206
0,0,1,0,1,1,1
-0.711713263,-0.0635092106,1.0243345751,-1.0688817418,1.2859277758,0.8792939213,1.4634068594
0,1,1,1,0,0,1
0.2333903853,1.5614555294,0.6736223653,1.4265791608,0.1850210682,-0.0759172503,0.7707192656
0,1,1,0,1,0,0
0.3919107698,1.6358720863,1.2224926909,-0.1015084448,1.2756836276,1.1156224692,0.4704218243
0,0,0,0,0,0,0
-0.2573167853,0.0442723169,0.1519889066,0.3195629949,0.8466935755,-0.9817532367,0.3580803808
0,1,1,1,0,0,1
0.3997967289,1.6172938256,1.4744261914,1.0156230863,-0.157490936,-0.2491523708,0.4038184571
0,0,0,1,1,0,1
0.6527797856,-0.4454472744,-0.1212144986,0.3534238734,1.4953512447,0.2414795041,1.131720159
0,0,0,0,0,0,0
0.4503288432,0.0647892205,0.1626360825,-0.6277335082,0.1345000138,0.501576118,0.4776876782
0,0,1,0,1,1,1
-0.6784317023,-0.2172861192,0.3738571027,-0.1731091381,1.5465328883,1.8940817333,1.437978463
0,1,1,0,1,0,0
0.0697743242,0.7178767861,0.9505434572,-0.1322984736,0.9232961844,0.1361748373,-0.3363917234
0,0,0,0,0,0,0
-0.0751278681,-0.4755709423,0.5036106943,-0.2589344977,0.0110455944,0.486578422,0.0719004345
0,0,1,0,1,1,1
-0.120467101,1.0424596548,1.0519129696,-0.5051243075,1.331245801,2.1469342998,1.333357244
0,1,1,0,1,0,0
0.1732269216,1.0686862256,0.5712544989,0.2108149734,0.9286363042,-0.0345379039,-0.3266535683
0,1,0,0,0,1,1
-0.0822176334,1.4367144677,0.0687341728,0.0546765917,0.3083061535,1.4529943926,1.3182146187
0,0,0,1,1,0,1
0.152384581,-0.466270978,0.2298773238,1.1285587592,1.2941382059,0.6013617939,1.3863566681
0,1,0,0,0,1,1
-0.4523672878,0.900595443,-0.2453353601,-0.6773980214,0.9897048544,0.5888737357,1.1094318393
0,1,1,0,1,0,0
0.0646045569,0.7199632287,0.947645847,0.3312415615,0.9432868446,-0.3131137528,-0.3813038683
0,0,0,0,0,0,0
0.7567568749,-0.0987612309,0.2983704263,-0.4188879898,0.3208489603,0.0045567268,-0.1030843119
0,0,0,1,1,0,1
-0.3659494553,0.3464470719,-0.1048741541,1.3044248968,1.1321598769,0.0807468548,0.2990324051
0,0,0,1,1,0,1
0.1783661637,0.5693511222,-0.2947381295,1.3756802826,1.1636957518,-0.9342846305,0.8149552326
0,0,1,1,0,1,0
-0.1276610575,0.7932990942,0.3536652376,0.9763661314,-0.1856000721,1.0155469549,0.519025963
0,1,0,0,0,1,1
-0.3267577839,0.6579548473,0.3523709551,-0.1920382289,0.0052402601,1.396683357,0.9425663647
0,0,0,1,1,0,1
0.0681612974,-0.0334243026,-0.2434953094,1.1145385462,0.7374498858,-0.0803220146,1.5299236758
0,0,0,1,1,0,1
-0.0204729675,0.2310028851,-0.4759970578,1.2496002011,0.9121208663,0.23910994,0.477004404
0,1,1,0,1,0,0
0.2978524387,1.1508126225,0.5640315257,-0.1896641725,1.320997354,-0.0376670043,-0.4295356547
0,1,1,0,1,0,0
0.0326141795,0.8758371489,1.2449374026,-0.1567077191,0.7952158592,-0.221193222,-0.1455718699
0,1,1,0,1,0,0
0.4675107861,1.1607633368,1.8351091616,0.2545215712,1.4534020448,0.0569629061,-0.0860216047
0,0,1,0,1,1,1
0.8485564955,0.3670923372,1.1640799581,0.0066504154,0.9972972386,1.1285840092,0.9242045469
0,1,1,0,1,0,0
-0.1934662332,1.3370758041,0.8654122835,0.2131801319,0.3102225568,0.0844128888,0.1298728396
0,1,1,0,1,0,0
-0.0659575638,0.8293635673,1.3046487764,-0.7218905225,1.4179777905,-0.6601113022,-0.0123125713
0,0,1,0,1,1,1
-0.1399963659,-0.6449878175,1.3974805506,-0.3703646392,0.3831887463,1.165798267,1.1558334068
0,0,0,0,0,0,0
-0.2138149682,0.1392043421,0.2247247752,-0.3753690649,-0.2328584205,-0.017702079,-0.164905866
0,1,0,0,0,1,1
0.2225601146,0.5222421366,-0.1922838379,0.2762194384,0.0690292049,0.5983377406,1.0364610739
0,0,1,1,0,1,0
-0.8788419143,-0.2430731446,0.8804976534,0.6699737825,-0.2432620439,1.6588541155,-0.3064555536
0,1,0,0,0,1,1
-0.8468018063,0.9175604735,0.6912146835,-0.8330354356,0.2172141008,0.6160071589,1.4487796852
0,1,1,0,1,0,0
-0.1079072323,1.4041576424,0.7954362945,0.718650471,0.1968728812,0.7146202537,-0.0946101248
0,0,1,1,0,1,0
-0.2690176634,0.1704917418,0.5058513565,0.6030430221,0.1800995697,1.3036554517,-0.2039812938
0,1,1,0,1,0,0
0.2453207894,0.4328347922,0.8886159018,-0.3973788928,0.0956995937,0.8008256566,0.5801733896
0,0,0,1,1,0,1
-0.3186444471,0.4106915883,-0.0401513419,1.4636137022,0.834131433,-0.1742376511,1.3999642809
0,1,0,1,1,1,0
0.1583901695,0.7567186606,-0.5825155065,1.155835029,0.6402343114,0.9685642658,0.0884630201
0,0,1,1,0,1,0
0.1605192668,0.0897483866,1.3227149384,1.2914824038,-0.1553981855,0.9082019293,0.0880461164
0,1,1,1,0,0,1
-0.1708810767,0.8490860578,0.8799983889,0.2416095273,0.6071826728,-0.7455261195,0.1088622647
0,0,1,1,0,1,0
0.561814583,-0.1693771702,1.6659859318,1.4230472941,-0.0266070814,1.5376671647,-0.2499398742
0,1,1,1,0,0,1
-0.2577852983,1.5378540637,0.6830446783,1.050626884,0.0340397751,0.1701601778,1.106867326
0,0,0,1,1,0,1
0.0556676357,-0.3730372543,-0.3597910236,0.8584249505,1.1435641272,-0.1300363714,0.6707032096
0,1,1,1,0,0,1
0.2246612384,1.0468447893,1.0641768439,1.2309881468,-0.2116090754,0.0697028074,0.5949387257
0,0,0,0,0,0,0
-0.0054719543,-0.5474449956,-0.3281443014,-0.1238958382,0.072541083,0.0167590902,0.7579997024
0,0,0,0,0,0,0
0.9137316993,-0.0140374531,0.0027480331,-0.1589451763,0.2573853794,-0.5661042173,0.8324833026
0,0,0,0,0,0,0
-0.2191883096,0.02091922,0.3627907092,0.5704019089,0.8156794571,-0.4184694906,0.1966212785
0,0,0,0,0,0,0
0.1298226074,-0.1723397373,-0.4517025131,-0.0852635956,0.8103683594,-1.0007696664,-0.2899209918
0,1,0,0,0,1,1
-0.1571549732,1.2406930771,-0.2016399693,-0.2486451603,-0.5836807006,0.4300166739,1.3473168932
0,1,1,1,0,0,1
0.3348910344,1.0561184447,1.2584141857,1.3392683422,-0.4019989428,0.0696895084,0.9789183531
0,1,1,0,1,0,0
0.1504572479,0.8378065536,1.1292379753,-0.1138724395,1.0275435589,0.1794833725,-0.0673693883
0,1,0,0,0,1,1
-0.2212331587,1.1991417172,0.1001527802,0.15082725,0.1437158141,1.1194171249,0.280148566
0,1,0,1,1,1,0
0.2563745594,0.3491686176,0.0555514401,1.1423962626,0.6364801778,1.8631229009,-0.0626176011
0,0,1,1,0,1,0
0.1385812356,0.0587808334,0.7278596978,0.880715107,0.7210682758,1.3717234698,-0.5457747675
0,0,0,1,1,0,1
0.3223903368,0.0734074298,0.3509430164,1.5389330158,0.4881362602,-0.5093031307,0.7434180055
0,1,1,1,0,0,1
0.0244150727,0.9853316889,1.0308542374,1.8628320932,0.7206105391,0.2945763233,1.3345228055
0,0,1,0,1,1,1
-0.6178558511,-0.2720983399,0.5741681289,0.0316003868,0.185671665,1.2953588514,0.5235219287
0,0,0,0,0,0,0
0.224602101,0.6171162592,0.0942372006,-1.2156964547,0.2409406132,0.7639536574,0.2852615244
0,1,0,0,0,1,1
-0.046902657,1.1017100769,-0.2705078287,0.1054573127,0.5118494402,0.6325793654,0.7327632337
0,0,0,1,1,0,1
-0.07476209,0.4714152414,-0.4952374128,0.8705012814,1.3413780789,0.3333805477,0.7601931948
0,0,1,0,1,1,1
-0.1334899575,0.727941854,0.6180266393,0.2116527956,0.7544907205,1.2866908355,0.8278497452
0,0,1,0,1,1,1
0.533706535,-0.8706204754,1.4968336515,0.2798562741,1.2435350232,1.0247894728,0.6417721249
0,0,0,1,1,0,1
-0.2635063388,-0.3212814273,-0.0637093271,1.6996651752,1.1206013164,0.4362813206,0.7002900281
0,0,1,0,1,1,1
-0.3966426288,0.0767956424,0.4950801585,-0.154810459,0.2632481938,1.0382324787,1.6144109596
0,1,0,1,1,1,0
-0.4255423847,1.5244062352,0.5972121697,0.8600441526,1.0284832682,1.136236227,-0.0917960007
0,0,1,1,0,1,0
-0.7692980848,0.4359550862,1.2584546095,0.8907446491,-0.4407690151,0.5597582397,-0.1060733476
0,0,1,0,1,1,1
-0.3028405294,0.6344029526,1.1277866602,0.3257786053,1.0182948835,1.1583040172,1.462186962
0,0,0,0,0,0,0
0.0583326856,0.6596573605,0.2845931775,-0.185262357,0.2453269608,-0.3850613,-0.964847471
0,1,0,0,0,1,1
-0.5607192016,0.6021890523,-0.3343394109,-0.2332305306,-0.3341109627,0.8339295316,0.4358049454
0,0,0,0,0,0,0
0.0908681444,0.3077218915,-0.633266044,-0.4022366105,0.0500165943,-0.3031847363,0.4464353451
0,1,0,0,0,1,1
0.0929225164,0.2157620767,-0.2955706064,0.3819059408,-0.0430878285,0.8666476385,1.1379324916
0,0,1,1,0,1,0
-1.0610678902,-0.3075290206,0.2171305426,1.579112553,0.0722255571,1.2511674948,-0.3694424095
0,1,0,1,1,1,0
0.1044785242,0.5084923876,-0.07932358,0.7270718751,1.1008624868,1.517239394,-0.0615306307
0,0,0,1,1,0,1
1.1014381478,-0.0193726109,-0.0077751039,1.1514297738,0.7250741954,-0.275679075,1.246654142
0,0,0,1,1,0,1
0.0775635156,-0.087010319,-0.4441766939,0.6367200826,1.2088966186,-0.0740700995,0.7935039665
0,1,0,1,1,1,0
0.0649673906,1.7308580338,0.1758499359,1.2698710545,1.3940916867,1.4201196407,0.3239548664
0,1,0,0,0,1,1
-0.5006350871,1.8029576276,0.0686375021,-0.3956975558,-0.3543661776,1.2056486139,0.9222315367
0,1,0,0,0,1,1
0.6472955792,0.4419131648,0.023591974,0.2480483839,0.2961001895,1.1355552609,0.4579999805
0,1,1,0,1,0,0
0.1044269572,1.5719454939,1.1674058444,-0.3060941946,1.0306879457,-0.2009991424,0.1456035255
0,1,0,1,1,1,0
-0.6044706616,0.8451782147,0.458754976,0.7728084133,0.224565729,0.4792544649,-0.1688091136
0,0,1,1,0,1,0
0.0381438114,-0.2285747159,1.1274692434,1.3170990044,-0.2979165813,1.5297143375,-0.3928160301
0,1,1,0,1,0,0
0.6371384074,0.5897677909,0.8305766824,-0.3810206439,0.926198749,-0.0401739507,0.5222497338
0,1,1,0,1,0,0
-0.2841554975,1.1842516877,0.9154329988,0.4102626263,0.8893175322,0.0916768818,0.3134596718
0,1,1,0,1,0,0
-0.0047887135,1.4279187901,1.4183056099,-0.2013548932,1.583465867,0.235707621,-0.1860433701
0,0,0,1,1,0,1
-0.0046754043,-0.4062135751,0.2884556154,1.3517674651,1.2511828381,0.0102222186,0.7075048675
0,0,1,0,1,1,1
-0.1114352854,0.0953966163,0.7561271543,-0.3912639981,-0.0073835296,1.1697931494,1.0090250395
0,1,1,1,0,0,1
0.4334551072,0.5025182028,0.544374307,1.0166532997,0.2674010727,0.4814743335,0.8761744943
0,0,1,0,1,1,1
0.4285382614,-0.3072519458,1.551167751,-0.8109013264,0.6101301277,0.3109448752,0.9392500279
0,1,0,1,1,1,0
-0.0669368299,0.7189264828,0.4262127994,1.8702299217,1.1921773614,1.6281355099,0.1690234266
0,1,1,1,0,0,1
0.1113937215,1.1669014989,1.3951434702,1.2793103106,0.0885337974,0.5981851158,0.8716952912
0,1,1,1,0,0,1
-0.3640645634,0.8731743506,1.3799551813,1.3943261663,-0.4708610709,0.2563002993,1.3286487531
0,0,0,0,0,0,0
0.0178831443,0.3397406689,-0.0290569787,-0.3676792211,0.6434888686,0.0847394194,0.2253472629
0,0,0,1,1,0,1
0.1646778105,-0.0031537688,0.3693714627,1.1574024408,1.1218980588,-0.434913832,1.4741585653
0,1,1,0,1,0,0
0.1303262906,1.3225736828,0.8734668063,0.1120608777,1.6615472961,-0.4553367348,-0.0913293983
0,1,1,0,1,0,0
-0.0661807933,0.3391383747,1.2722818087,-0.130451344,1.1467892775,-0.4132219452,0.0589446875
0,0,1,0,1,1,1
-0.2207862077,-0.4077108751,1.0914462434,-0.315574567,1.0699225886,1.6369598785,0.5300017176
0,1,0,1,1,1,0
0.0149209665,0.9521824373,-0.4088702059,1.0116185321,1.4948996079,0.9227833219,-0.7168640652
0,1,1,0,1,0,0
0.1425736464,1.0270835799,0.9496562608,-0.2521754628,0.5553582261,-0.0649144543,-0.0847218351
0,1,1,1,0,0,1
0.1790832179,0.624251716,0.8734868399,0.3293447581,-0.2321009635,0.4365003375,-0.0365900818
0,1,0,1,1,1,0
-0.1436122482,0.4612078899,-0.0810655152,0.7043800782,1.2966679339,0.4727272654,-0.2487383025
0,1,0,0,0,1,1
-0.3520111151,0.3365528798,0.3756324081,-0.0197203771,-0.4190291044,1.1397877027,1.5189696211
0,0,1,1,0,1,0
0.0724587349,0.4312790735,1.5722903677,0.71403555,0.4424578367,1.0718490603,-0.4507880906
0,1,1,1,0,0,1
-0.1715183916,0.9784529635,1.2981425715,0.9556024498,-0.0083752337,0.6862426772,0.2634282159
0,1,1,0,1,0,0
0.1707586549,1.2509942018,1.1108360306,0.0017487548,1.4391396007,-0.2022700925,0.5716523109
0,1,1,0,1,0,0
0.2306470077,1.2838096493,1.3424977831,0.5291457606,1.550011802,-0.2583905766,-0.3741395926
0,0,0,1,1,0,1
-0.1423217179,-0.3555676086,-0.5648389368,1.3114238835,0.8405241395,0.1919950255,0.9311726101
0,1,1,1,0,0,1
-0.203402128,1.183659856,1.367422866,0.738857736,0.35708058,-0.2452722359,1.2607493635
0,0,0,1,1,0,1
-0.478950274,0.4118908209,-0.1272431997,0.994429013,0.9605839033,-0.076120255,1.2890546085
0,1,1,1,0,0,1
-0.3102162275,0.8582502462,0.7599242278,1.5228379462,-0.0645404679,-0.3268924455,0.6408032076
0,1,1,1,0,0,1
-0.2432331141,1.3023610849,1.3840114014,0.6977175791,0.0905729218,-0.3082201996,1.4852377319
0,1,1,1,0,0,1
0.3622464531,0.9593494073,0.8976457283,0.6768250987,-0.978598344,0.3455080754,0.9759171297
0,1,0,0,0,1,1
0.0061221738,1.3643448134,-0.2902244385,-0.662036693,0.3028224655,0.3728186962,1.1738961878
0,1,0,0,0,1,1
-0.6664427804,0.1774799426,-0.2785903641,0.1460845752,-0.5100560447,0.8095836311,1.0442252613
0,1,1,1,0,0,1
-0.2452211837,0.1237220332,1.1094782024,1.2752365746,0.3520426697,0.1624392882,1.8450454765
0,0,0,1,1,0,1
0.1049490709,-0.1043197275,0.3303717914,1.2871789525,0.9467271878,0.1363823323,1.1413255387
0,0,0,0,0,0,0
-0.3650647063,0.2796612028,0.227980632,-0.5255179898,-0.1577181684,-0.0872909625,-0.0744096188
0,0,1,1,0,1,0
-0.0700593363,0.4494276543,1.1523176873,1.2868944861,0.854351741,1.033774117,0.3723318314
0,1,0,1,1,1,0
-0.5497909572,1.4909081533,0.3044460006,0.8754702866,1.0220224273,1.8968647768,-0.0219947099
0,1,1,1,0,0,1
0.1568375915,1.1461280406,0.9597856435,0.7508045215,0.2228336218,0.5990386801,1.7357507473
0,1,1,0,1,0,0
0.517550376,1.2333925662,0.7907191073,-0.0423807931,0.2532937388,0.0149675582,0.0884994929
0,1,1,1,0,0,1
-0.401936396,1.3428131588,0.8445652028,1.2256887281,0.2490262114,0.0224969936,0.523080111
0,1,0,0,0,1,1
0.6041538256,1.6678329536,0.5075343696,0.2040671613,-0.0432410455,1.0569816027,1.3305593765
0,1,1,1,0,0,1
0.0702177701,1.2729830902,1.7495752526,1.3931374805,-0.0553045376,0.3810940888,1.3318058615
0,1,1,1,0,0,1
0.0663854292,0.6842447594,0.6636829552,0.7802861748,-0.0768678908,0.130469761,1.2262389881
0,1,1,0,1,0,0
-0.1067964011,1.2094868436,0.7111155794,0.0058798873,1.4314630899,0.315563769,-0.2881157023
0,1,0,1,1,1,0
0.5615779434,1.0260299201,0.2889865903,0.8087983157,0.9867087817,1.7546721295,0.1704405332
0,0,0,1,1,0,1
-0.2412422392,-0.3166865999,0.1477045758,1.1862535653,0.9302667096,0.0772190085,0.8807279872
0,1,1,1,0,0,1
0.3384343927,1.8066649819,1.2769753499,1.1719808459,-0.6725077114,0.0651290611,1.2850042339
0,1,1,1,0,0,1
-0.7512240105,1.0625141865,0.9517010205,1.3668535979,-0.5702868411,-0.0190727574,1.0897609277
0,1,1,0,1,0,0
-0.3323246557,1.113487117,0.9456941946,0.0116338463,1.017840229,-0.3019557704,-0.5784953138
0,1,0,0,0,1,1
-0.038761669,0.1783034712,0.0881462092,-0.3815869735,-0.3758160685,0.6952810595,1.9539208764
0,0,0,0,0,0,0
-0.6264516892,-0.2394241351,0.578935382,0.0236945659,0.0730390637,-0.3432753459,0.1129470822
0,0,0,1,1,0,1
0.0066819608,0.2597116003,0.3601883021,1.268916528,1.3681537543,0.1900177539,0.4549046311
0,1,1,1,0,0,1
-0.4040145677,0.9038077298,1.3878823332,1.3655423647,0.2292463866,-0.2405423478,1.5880030208
0,0,1,0,1,1,1
-0.234518075,0.0220394473,0.7332894097,0.2000806908,1.5219620882,0.4224580464,0.7155655604
0,0,1,1,0,1,0
-0.0951022842,-0.0322030543,1.232377863,0.6421460099,0.6492676546,0.9588070611,-0.7591022326
0,0,0,1,1,0,1
-0.1063381297,-0.4375092158,0.4446028463,1.0307125451,0.7814872546,-0.6448623041,0.9126438427
0,1,0,0,0,1,1
-0.0804605785,0.937279722,-0.637317269,-0.532811917,0.1364022364,1.2225171991,0.6144000469
0,1,0,1,1,1,0
-0.2351348697,0.6910459752,0.2934486341,1.0608820874,0.7525187128,1.6171603733,-0.3585532964
0,0,1,1,0,1,0
-0.0513695354,-0.3512961065,0.9479853607,1.1177471382,-0.6249739338,0.9833490241,-0.5196400487
0,1,0,1,1,1,0
0.0505042972,0.783767636,0.8180882915,0.7285169895,1.311384655,1.5027536945,-0.6849027965
0,0,1,0,1,1,1
-0.5579489214,-0.2581222809,1.1528106007,0.1418051989,0.8820416543,1.582623378,0.9096074842
0,1,1,0,1,0,0
0.3522810447,0.6672225468,0.9618438737,0.1429115407,0.2291775662,-0.6670694412,-0.3894141911
0,0,1,0,1,1,1
-0.0747317576,-0.3556506499,0.9849547557,-0.1865366506,0.3661813455,0.6765271973,0.2014765285
0,0,0,1,1,0,1
-0.5471322866,-0.0586496228,-0.3080610254,1.3538384273,0.4910267538,0.3467695919,0.4178306143
0,1,1,1,0,0,1
-0.0948131338,1.1423302886,0.9665602802,1.4975857556,0.0596106228,-0.297370597,1.046205879
0,1,1,0,1,0,0
-0.3767173668,1.7895195118,0.9954315042,-0.1485170902,1.0542735426,-0.3773375778,-0.3863576678
0,0,0,0,0,0,0
-0.8604325202,-0.1200916398,-0.0625057226,0.0139043823,0.1556081466,0.2941208606,0.4667195999
0,1,0,1,1,1,0
-0.082634762,-0.1842525755,0.0440454599,0.8711079181,0.5470399291,0.3012653065,0.1285587746
0,0,0,0,0,0,0
0.0054498272,-0.0356524085,-0.0028117978,-0.2601294301,-0.0122269363,-0.134049831,0.01497571
0,1,0,0,0,1,1
0.2542028717,0.6346365255,0.0296712115,0.7509298833,0.5447504396,1.0292262538,0.9462159996
0,0,1,1,0,1,0
0.4890418054,-0.0449017464,1.4951560966,0.6456994942,-0.1202187787,0.6037227392,-0.3125483578
0,0,1,0,1,1,1
0.3679272999,0.0154944132,0.8062176135,-1.0373488521,1.1182340103,1.5711552301,1.0013038354
0,0,1,0,1,1,1
-0.361931362,-0.2920094002,1.3056537851,-0.5078923413,1.3433432755,1.3873429372,1.0119955007
0,0,1,1,0,1,0
-0.177381781,0.4040948567,0.5392106479,0.4662329205,0.3397906712,1.5068414326,-0.0617737661
0,1,0,0,0,1,1
0.1311124313,1.0560020432,0.0312275066,0.6315801817,0.0535839965,0.8601218076,1.05990084
0,1,1,0,1,0,0
0.2087633396,1.0002671303,1.3751282058,0.2474837691,0.5628278268,-0.1771052131,-0.1636070345
0,0,1,0,1,1,1
0.3445135392,0.1799363544,0.7944380726,-0.2369211226,0.9987077757,0.4492520955,0.8942483473
0,0,1,0,1,1,1
-0.1063562429,0.3110767178,1.3670263988,0.4681839606,0.9670108602,0.6499687149,1.540143733
0,1,0,1,1,1,0
-0.456369557,1.2984968172,0.3038427237,0.4036469403,1.0095287816,1.487294085,0.2278011777
0,1,0,1,1,1,0
0.4085105037,1.125117943,0.260547311,1.3498977018,1.203486107,0.123826894,-0.561873906
0,0,0,1,1,0,1
0.6419666264,0.2144124189,-0.2387494938,1.1971222026,0.3078851632,-0.1846908256,0.9889114511
0,0,0,0,0,0,0
-0.0709884974,-0.1076621529,-0.016244857,-0.361120659,0.3654054963,0.0555350389,0.086343289
0,0,0,0,0,0,0
-0.2623117756,0.4319722012,-0.0760137318,-0.3288718881,0.1477959753,-0.012392865,-0.2835264522
0,1,1,0,1,0,0
0.3329752623,1.3338793153,1.0462640827,0.2358940308,0.9434501466,0.0300110862,0.4572899542
0,1,1,0,1,0,0
0.2108098128,0.5735082165,0.9343451619,-0.5398715985,1.6277194282,0.2656767825,0.1573382202
0,0,0,0,0,0,0
0.1241004705,0.1732410547,1.0221084135,-0.5343301413,0.2165601966,0.1005262368,-0.0050770334
0,0,0,1,1,0,1
0.0341573367,-0.1456711744,0.0385406431,0.6384687944,0.4075212874,0.1942664205,0.7862503948
0,1,0,0,0,1,1
0.2605092418,0.6641141498,-0.302004273,-0.366402303,-0.2620847719,1.5969375862,1.1136042175
0,1,0,1,1,1,0
0.1315114222,0.876229134,-0.3105369886,0.9320666542,1.3156947434,0.4068223532,-0.0872889903
0,0,1,1,0,1,0
-0.3803060276,-0.1029848533,1.0979617288,0.5899274269,-0.2686056547,1.230555692,-0.1826142908
0,0,1,0,1,1,1
-0.4154756228,0.0659762472,0.7127541981,0.1753567885,1.2856981023,1.1499886021,1.2652907532
0,1,0,0,0,1,1
-0.0622352797,0.6591289384,0.4835687562,0.762771794,-0.3105526398,0.5431738221,0.667463585
0,0,0,1,1,0,1
-0.0101345089,0.1562066525,-0.2836188119,0.2210244683,0.8704376894,0.0149203105,1.0566085534
0,0,1,0,1,1,1
0.0550239071,-0.4678832166,0.7183236786,-0.0129335712,1.2635310056,1.280235509,1.8245037529
0,0,1,1,0,1,0
-0.2160487135,0.4009963354,1.8091184338,1.3539705642,0.0882181259,1.5196966296,0.631695526
0,1,1,1,0,0,1
0.0692652151,1.4055542262,1.0127409736,0.5864591362,-0.1661116613,0.167123254,0.4308812093
0,0,0,1,1,0,1
0.2826194972,-0.6664611491,-0.3878865121,1.0413965705,1.0240005713,0.3646975787,1.3753742874
0,1,1,0,1,0,0
0.1906015524,0.9621712086,1.2658529694,0.0738943882,0.6801945532,-0.2084116113,0.3875179764
0,0,1,0,1,1,1
0.2813104674,0.3386039042,0.9817364914,0.0620597128,0.9221813274,0.9466607331,1.0969639388
0,1,0,1,1,1,0
-0.5360787375,0.3179852858,-0.1996653048,1.0402875501,0.6264727456,1.1427291832,-0.0502826925
0,0,0,0,0,0,0
0.7311285113,0.350395173,-0.6810574482,-0.098045422,-0.6284130715,0.2019107108,0.502419762
0,1,1,1,0,0,1
-0.283181878,1.2935948677,1.0158926369,1.3251876754,0.083837909,-0.7251232047,1.176790295
0,0,1,0,1,1,1
0.5653249195,0.5440789495,1.233326849,-0.0217567159,1.2617195552,1.196341629,0.8329414885
0,1,1,0,1,0,0
-0.1562135601,0.756152046,1.1258493931,0.0347176853,1.1578225475,0.3682638746,-0.0097692739
0,1,1,1,0,0,1
0.6404371064,1.3498395318,1.0819912074,0.4606246895,0.3764979412,-0.0462496314,0.6674088799
0,0,1,1,0,1,0
0.0482830933,-0.2610052395,0.6989130843,1.3911621208,-0.2267813814,0.1592097158,0.3847294386
0,1,1,0,1,0,0
-0.0955632553,1.4612473147,1.4239345088,-0.1880192479,0.7959802136,0.204551997,-0.8065210318
0,0,0,1,1,0,1
0.192948088,-0.3164171588,-0.3016337981,0.9476897798,1.5909484521,-0.034296808,0.4590899908
0,0,0,0,0,0,0
-0.2215919773,-0.3490117874,0.7404083996,0.594152401,0.4455536915,0.0672006765,-0.5118820757
0,1,0,1,1,1,0
0.2153083677,0.7906385607,0.3990724837,1.2575006527,0.9163288586,0.6176507287,0.3488016207
0,1,1,0,1,0,0
0.1665491637,0.7797977647,1.3033306533,-0.3395109986,0.8452519851,-0.3334360565,0.0966774101
0,1,0,1,1,1,0
0.0924145881,0.7993614274,0.163148211,0.9758983515,1.0944368652,1.1877415355,0.3396464514
0,0,0,0,0,0,0
0.2154924746,-0.6829687578,0.2666834942,-0.0330040641,0.170500286,0.5218675166,0.2515149908
0,1,1,0,1,0,0
0.1679240179,0.5282055713,0.6205569735,0.0402754455,0.9851727463,0.2183499836,0.7968634296
0,0,1,0,1,1,1
0.3190018642,-1.0959722178,1.19433765,0.3782395488,0.8037142886,0.8384181251,1.0690885033
0,1,1,0,1,0,0
0.3594905088,1.4644866786,1.1882646021,-0.0854693152,0.864027374,-0.3584723294,0.521887383
0,0,1,1,0,1,0
0.1753245036,-0.0492856142,0.919267611,0.8643326395,0.2621682009,1.147677469,-0.044505373
0,0,0,0,0,0,0
