988,7,,,,,,
-0.5092393636,0.9306120876,0.9167095239,-0.32349071,1.5013378777,0.1484890318,-0.3523497394,1
0.2770423152,0.4398829414,-0.3627573547,0.684870649,0.2896377868,1.5622121487,0.4491593438,0
0.9242612394,-0.3005687842,-0.120900382,0.5796540819,1.1610838498,-0.6192550376,0.9773647643,0
-0.350784625,-0.2740447784,1.0898716048,0.6454666772,-0.3261426294,1.2235166624,0.5169938344,1
0.836062919,-0.1565762419,0.825890638,1.1589070939,-0.0205001396,1.4705092134,-0.0273396514,1
-0.0295727172,0.7495824078,0.5333177215,0.5841251588,0.0192506337,-0.3801205535,0.2197194373,1
0.0916641898,0.1448670952,1.8537653578,0.8400267865,-0.7181270809,0.9798765797,-0.117869961,1
-0.2325716268,-0.5070722456,0.2566922506,0.6488386075,1.9107643803,1.0954410596,0.7529254129,1
0.3229367825,1.3577817445,0.9416656071,1.3635375106,0.2611877026,-0.508993832,1.1087991787,1
-0.2216339232,1.1442742388,-0.5683051858,1.3101380891,0.8400178723,1.3857908988,0.5390206341,0
0.0568012067,0.9464145346,0.7569759613,-0.5803274334,0.8051333592,0.3215917188,-0.4565359836,1
0.5949195843,-0.0088573913,1.2565147395,1.1495255731,0.2832488738,1.6020800442,-0.2948559299,1
-0.3371003051,-0.3386266858,0.364186476,1.0032151717,1.5666190199,0.0417805471,1.026091161,0
-0.1484480604,-0.3265025316,0.2489707463,0.8956424859,-0.6598031702,1.1235313232,0.3819189516,1
-0.5156896266,0.6464811851,0.8570473911,1.3345001281,0.0751762197,0.0737490714,1.1131711371,1
0.2686442979,0.2042494756,-0.2714532085,1.1634180544,0.9667076299,-0.3599517474,1.3609071541,0
-0.7607542027,0.8245084798,1.158803046,1.1513942079,0.8771439352,-0.5978293607,0.5498099059,1
-0.090465474,1.1314282406,1.5295609736,0.8888641105,0.0677422318,0.2004838943,0.1515627196,1
-0.2265528843,-0.3979001434,0.3260849105,1.50388331,0.7135629112,-0.2104958447,1.0429746709,0
0.4820771873,0.4670983162,-0.038485194,-0.1063565599,0.1267940441,1.4816499126,1.2634523188,0
-0.2147320743,0.8200302519,-0.7900805482,0.9440077008,0.9242624326,1.4002949194,0.0930112461,0
-0.3426405681,0.2422449954,0.9205608219,0.5284413598,0.2937413996,-0.0196158527,0.1213514929,1
-0.0244864991,0.3327854072,-0.4212794932,-0.5412878781,-0.0636778898,0.3245996301,0.1884371569,0
-0.0801621062,0.7658885127,0.5626588429,1.5383719241,0.1945575092,-0.2665419703,1.5260646571,1
-0.0775808608,-0.217206296,-0.3899270144,0.1411705837,-0.3178138995,-0.0007416776,-0.0922825572,0
-0.1127333868,0.6364702832,0.7874573788,1.1265811239,0.3779143641,0.4007030028,0.6154235444,1
0.3706567645,0.4923808928,0.9883372659,0.9264702928,-0.188587371,0.0038496975,1.0972934666,1
0.2871434611,-0.1865077793,-0.3299236312,1.2478953797,0.561928637,-0.6323898145,1.257741092,0
-0.0170549318,0.1281169933,0.2502345768,1.2440498406,1.0880885955,0.9874034865,0.5665969378,0
-0.3192349101,1.1182925332,-0.8273776641,0.2183624369,0.1914417954,0.8643617113,1.5381822502,0
-0.4714365354,-0.2280230209,-0.0758507666,1.6162197577,1.2158478605,0.3260155403,0.7520368601,0
0.2336544595,0.9650062158,1.6318505888,0.7094544558,0.1333102513,-0.2023894848,0.8438275384,1
0.5454775113,-0.0327618931,-0.9680498797,1.2034942131,0.804004962,0.1112890422,1.473865405,0
-0.4257175066,1.4244359101,0.8255070769,1.1662794051,0.3873093567,0.3364672738,1.1608294861,1
0.0074930663,-0.2738828641,-0.5128729386,0.9666341008,1.5136834551,0.5877798095,0.9321319849,0
0.1072095968,-0.444909634,-0.382819797,-0.1811424491,0.4672471657,-0.1251710887,0.4784743056,0
-0.1271072002,-0.1914340061,-0.0329369662,0.4112554262,0.0690085435,0.076309853,-0.455212278,0
0.0210929274,0.0875463988,1.1019084983,-0.036097193,1.1786098471,0.6832967424,1.0911585243,1
-0.6342468462,-0.6212606982,0.7282335214,0.3254001362,1.1374474201,1.4647199543,0.6489242544,1
-0.069017675,-0.2538559163,0.256621966,0.043900051,1.0702392373,0.984426995,1.028840646,1
-0.0998865627,-0.0138588023,1.0849379022,0.8684268139,0.0075127275,0.5774843567,0.1394411405,1
-0.2241969048,0.8690865918,-0.21888944,1.2091624504,1.0481747636,-0.2927098676,1.0891133847,0
0.0387531822,1.2973932408,-0.2889852739,-0.0986730492,0.526240543,0.9438113999,1.0296412835,0
0.2022188655,0.7257685799,0.4203205882,1.3053856487,1.1141083927,0.8923886973,0.1053585462,0
-0.1187673278,0.4000290761,1.4066582491,0.413688932,1.2477567565,1.1150316271,0.7727400971,1
-0.1008436889,-0.1521349553,1.3124084669,0.4885330047,0.5429833938,0.9920770681,1.39290544,1
0.1572193192,1.1057975201,0.0531171276,0.4575899058,0.8204301114,0.881069875,0.0592064008,0
0.1772597457,-0.2931611723,1.0611899259,0.9768545126,0.1082125598,1.0357215381,0.5506981084,1
0.0521147836,1.0818900434,-0.2367038718,1.6151452045,1.4052380966,1.2224177107,-0.1548663525,0
-0.1283056575,0.9263546526,0.4801706959,-0.1656750377,0.319103073,-0.4467153575,-0.5181301003,1
0.0965970291,0.0022954465,-0.5323196156,1.5194364156,1.1044833129,-0.3660950023,0.9252058505,0
-0.6123823125,0.5740779985,0.0722731577,1.40948359,0.4768666751,0.7985751438,0.3401966624,0
-0.0639203271,1.0172127609,1.4248210997,0.5513976604,0.4427894631,0.2721564867,0.7604761107,1
-0.163354136,1.3697919664,0.7227927445,1.3030452491,0.928562462,0.482960151,-0.5410070253,0
-0.0531576151,-0.4317445607,0.7907084647,0.7694340535,0.3979229206,0.5502637274,-0.4609778005,1
-0.2319700041,0.8550609459,1.0732393027,-0.2374490248,0.3108420796,0.4434676735,0.394545226,1
0.3847987585,1.1354197643,1.3806207467,-0.1197743188,1.101407985,0.509345915,-0.7700731665,1
0.4223759881,-0.2405481342,-0.1686786797,0.9746502977,1.3843229955,0.3832143574,1.0187400971,0
-0.3539359368,0.2552299548,0.7846026366,-0.2342861719,0.8975661895,1.1875034812,0.7508238262,1
-0.0401122425,0.2979691062,1.0066008931,0.0035952292,-0.7222373261,0.4737918668,0.4039050881,1
-0.0413210216,1.1326666854,0.5988985872,0.5976103067,-0.7166342467,0.4119821391,1.5978950973,1
0.2479931905,-0.3093213035,0.1103656747,1.0175583202,0.6771602519,0.3346186483,0.5064746909,0
0.2297779341,0.7754980119,0.4604875282,0.6676525484,0.1163904645,-0.3663863965,1.2496046716,1
-0.3931368867,0.9009214189,-0.1942151967,1.0538435095,0.4485049815,0.520647979,0.4284115749,0
-0.5504393865,0.1536264479,1.1312599175,0.3936044231,0.7410525432,0.6273531949,1.1012217625,1
0.5302075871,1.1981868458,0.5567332433,0.2946541337,1.0916263245,0.9544980418,0.1947947362,1
0.2015623352,-0.0162246718,1.0311761173,-0.9437422163,1.2769911236,1.4245095722,0.8066981037,1
0.2088532119,0.5337194988,0.7013512463,1.132962996,0.8548848383,-0.033018002,1.3531858609,1
0.1602757921,0.1279230028,0.4972402879,0.078833616,1.394725656,1.3476066372,1.6322386547,1
0.0652076462,-0.3142771875,0.2359219527,0.9444943059,0.7240486513,0.1092176551,1.4216857326,0
-0.4086096783,-0.2366719794,0.5519842164,-0.0992086935,0.3330811251,1.481970599,1.3882999989,1
-0.0077239531,0.4208738438,0.1119875476,1.2774340372,0.9281754561,1.7054011684,0.4919451114,0
0.5569371571,0.3077912287,-0.2464580938,-0.0633107031,0.7647728649,0.8228208738,1.0586546888,0
0.0066276101,-0.8997391206,-0.2461130382,0.1275834233,0.4812493887,0.0005663571,0.1286910858,0
-0.4775443911,-0.5008582874,-0.1725434885,1.1809885161,1.0531829587,0.7964221088,0.2060406689,0
-0.5866443497,0.7672067743,1.1163054794,-0.2766551246,0.9681995252,1.1547511766,0.7512286552,1
-0.255948449,0.0439196823,1.4771389755,1.617015877,-0.4623143117,1.1115938588,0.5425229327,1
-0.3068945084,-0.6041831327,0.8118524097,-0.0674651819,0.9420908832,0.4745655269,1.1298233527,1
0.3254283503,1.4387473298,-0.0835736589,-0.1120752826,-0.0642676922,1.4647666487,0.8722315139,0
0.2370715496,0.4393874106,0.208330465,0.0594720178,0.2696228098,1.3712590095,0.8161160953,0
-0.3690669127,0.1189089689,1.208422173,-0.4028676571,0.5132486301,0.9829021513,0.6853137317,1
0.2259773937,0.8181932133,0.974388495,0.9247434097,-0.6709686291,0.2383835519,0.6243509948,1
-0.639615519,0.8548835201,1.4291619186,0.6194177119,-0.3410836599,0.061030832,0.7701101081,1
0.0276670397,0.5672118785,-0.2261387461,0.4346205778,1.6953779491,0.4262483502,0.5989846933,0
-0.0043956875,0.8167548828,0.2631770681,-0.1338320974,0.1638279249,0.4229738635,1.3370775387,0
-0.0771981013,-0.3842532643,1.0281665604,0.238112936,0.772135084,1.0613263069,1.1671408075,1
0.1765193299,0.0775393545,1.1585281221,0.1931168908,1.3091605205,0.7924432234,1.0464292679,1
-0.3625713316,1.2120141743,1.0451585547,1.2350441549,0.3655480701,-0.3860797749,1.3267342858,1
0.0605617465,0.6303853107,0.000737295,0.7386899987,-0.3020352437,-0.3389830633,0.1777423045,0
-0.1522467592,-0.1195989416,-0.6508846183,0.4157589001,0.1279012727,-0.2520035563,0.0762189458,0
-0.6087692558,0.4972726775,-0.0541499412,1.3715266195,0.5027210221,-0.1869257974,1.2375542314,0
-0.4340367974,-0.1995492648,0.1678349396,-0.0195134294,0.0477245057,0.6504946506,0.1337658671,0
0.2004686339,-0.0908698605,0.123373901,0.8469951903,1.2098562133,-0.6902761376,0.7986487584,0
0.0867507339,1.0456655982,0.7523319335,0.8431839784,0.0030439839,-0.2222713453,0.6392891161,1
-0.3471438853,0.5543247937,0.3750347342,-0.3094457224,-0.7280130694,0.9856879931,1.0568601639,0
-0.1843025782,0.4256147291,0.5029824462,0.0739703931,0.5828140576,1.1165026518,0.594530899,0
-0.210111079,0.4932510904,1.3823034816,0.5592923515,0.9555489866,-0.5040368272,1.4053891714,1
0.336682377,1.6270673172,0.0851843159,0.3052610999,-0.1213436926,1.2337442293,1.165499916,0
-0.0772564584,0.2837094579,0.1489352641,1.0535065744,0.6748550984,0.62458319,-0.1204532681,0
-0.7136007585,0.6631676793,1.1411178304,0.8253395687,-0.1952764012,-0.4706076604,1.040788074,1
-0.0740448142,-0.0932318866,1.5591817727,0.6167520966,1.486463652,0.8499253008,0.5235904584,1
-0.3816121245,0.794546398,1.0545405552,0.7532612631,0.0533328109,-0.2901911319,0.1395642762,1
-0.2231794444,0.3153535282,0.2962819657,0.3705642164,0.0994119213,0.1099118451,-0.2870075235,0
0.5893802756,0.0839868098,1.3298641401,-0.4553272586,0.8836343716,0.9441155248,0.7908762004,1
-0.2330370754,-0.3877578918,0.960802654,0.8588547378,-0.6046754764,1.1577866038,0.4900652767,1
0.1806047462,1.0237294781,-0.5570966456,0.9023127057,0.1704811109,0.7253829825,0.3155074436,0
0.7763739257,0.2216361168,1.6947576471,-0.3149237399,1.0819987856,0.8755862374,0.7999581063,1
-0.0257831638,0.3766907641,0.2405619997,0.9464624242,1.0624612279,0.6285529233,0.5302222523,0
0.0494548615,1.3613330429,1.0420504316,0.1205114999,1.1436648969,-0.2601172874,-0.3630185419,1
0.2319753432,1.3602638156,0.9826767777,-0.2742657636,0.2160413942,0.2391942866,0.2096818641,1
0.4000136677,1.2425586529,1.0848654452,0.6540776019,0.0479743811,0.3473303014,1.1526401756,1
-0.3730878039,1.2966252048,0.8303694104,1.3190385496,-0.3655750639,0.3824969278,1.4383311917,1
0.5437638896,0.1611842174,0.0109886877,0.3332650608,0.5227974639,0.2852642918,1.0980997286,0
0.2163137987,0.6131467767,-0.10053239,0.8570234743,1.2985208929,0.1885369969,0.9412058227,0
-0.3164766143,-0.2746976469,-0.2847682313,-0.1723771079,-0.5196630357,0.1539406101,0.3237749617,0
0.2404702964,-0.749692454,1.3884482893,-0.7121651849,0.7006892205,1.0045478729,0.7835038996,1
0.7393635113,0.2752852006,0.634350903,0.3984093374,0.4181345034,0.4575506609,0.4327039793,0
-0.3845180548,0.5070942879,1.0886861438,-0.5010160239,0.7564952648,-0.2927433717,-0.2669187725,1
0.5892681973,0.6980292119,-0.7032137713,1.134923405,0.9275666876,0.8756353795,0.2888244704,0
-0.1884185601,0.2750522734,-0.5170029939,-0.056268204,1.0732753257,-0.4610947229,0.0951424104,0
-0.3418339156,1.5739627671,0.3877657998,-0.1503477907,0.4944226167,-0.0795811771,-0.3671985774,1
-0.469102382,0.3180396519,1.5491970307,1.3404795532,-0.073162141,-0.0735624558,0.618931398,1
-0.2833685548,-0.5335470264,1.4506696811,1.8657133738,-0.5169742594,0.812949154,0.0095238075,1
-0.1236996542,0.3766104404,-0.1460980282,0.6827965319,1.1700196665,-0.2639994055,1.1616986826,0
-0.3175228815,0.106634426,-0.3172294162,0.496594276,0.157818506,1.4568914477,1.3187474095,0
-0.1565584951,-0.8807299934,-0.3487560086,0.2688644785,0.1349602668,0.1868446691,-0.4076207573,0
0.2435993499,0.6581226406,-0.555908363,-0.3771037894,0.1356760449,1.4812493431,0.7711952617,0
-0.5443019253,0.7913083053,1.0677224788,1.7594756077,0.1715063881,-0.224694912,0.8318120186,1
-0.4588186658,0.8978578226,0.3875958981,0.8959232181,0.9857196805,1.2307482164,0.8887201539,0
0.0192570051,1.2962850622,0.3175886034,0.8075241398,0.4651065116,0.6209199549,-0.1897421823,0
0.1253418631,1.1654976586,-0.0262559901,-0.4960095338,-0.3412243602,0.940578095,0.6437940855,0
-0.0930207859,0.3585064594,-0.3492339274,0.5020389341,1.0605017806,1.6667395265,0.0376508353,0
-0.1364039211,0.3906327456,1.1314031306,-0.4838593297,1.0045696683,0.7697659673,1.8200446241,1
0.1382161212,-0.272544861,-0.3803571817,0.1922737165,-0.2543465961,0.2719993127,0.5906786322,0
-0.3114683889,-0.0257212005,0.5791160691,1.3876198165,1.3495487625,-0.3032085286,0.7813804791,0
-0.350324404,0.9021356847,1.1731429214,1.0902404716,-0.0858607866,-0.033957216,1.0382255517,1
-0.0424510628,1.0865510145,-0.2105601709,-0.2521959872,0.0677407942,0.0608928152,0.4451583141,0
-0.7575637551,1.0241456054,-0.0264165535,0.5244736382,-0.8604306821,1.039473567,0.7232051444,0
0.4601200683,1.029370318,0.3387974152,-0.0680073503,-0.0367965503,1.0421040323,0.9170979778,0
-0.2600129851,0.75564737,0.2683238429,0.4715755366,1.2624670883,-0.6388988921,0.3231495127,1
-0.0149025728,1.5273030777,0.475950304,-0.2130492973,0.0794423148,0.8795257941,1.479594511,0
0.0265748239,0.5342671602,0.0265433672,0.7173944495,0.2885662569,1.1452256798,0.9832887997,0
-0.3707697431,-0.0432264143,1.0781615888,0.9016248454,0.1340371383,1.2932568146,0.1886129146,1
-0.068011647,0.2511582446,1.6969614072,0.1269016021,1.4306408535,1.3509509261,0.9680102205,1
-0.0384006023,0.5317724573,-0.2734062931,0.7724378724,0.7584301658,1.823035384,-0.5865464517,0
0.0797770709,0.4212632529,-0.1019218257,1.1313954616,1.5112964404,-0.880144539,1.4342435595,0
0.1270870131,1.6465904079,-0.6947061972,0.9561106068,0.8861096718,1.1285780603,-0.501226935,0
-0.0988177002,0.9297816758,0.3777495726,0.3617619985,-0.7119974761,1.1364363706,0.8890480444,0
-0.0564778307,1.0842453015,1.577104786,1.1409307456,0.4866713385,-0.1809044201,0.5766079302,1
0.3251997823,-0.630141117,0.0319704095,-0.2590350457,-0.6921279074,-0.2752198195,-0.1919633709,0
-0.0837658163,0.9157638796,1.3156813514,0.623334028,-0.8582200297,0.1896096171,1.0718117852,1
-0.1482376212,0.3622661869,0.8534828805,0.2922609403,0.0617171523,0.5117569668,-0.1697268254,1
0.3035073291,-0.1499920698,1.1170076987,1.9615604013,0.4744172862,0.4506610084,0.3810366206,1
0.4091867345,0.3490444067,0.4494195922,-0.1856803562,0.7348084035,0.498368504,0.2612779894,0
-0.2404203427,0.1306131839,0.89240942,0.7252313253,1.3882442399,0.2797279872,1.7519370906,0
0.1218492442,0.0693269278,-0.2231813503,0.5663200074,0.3793155689,-0.1966144499,0.1305924253,0
0.5966605139,1.1563817292,1.0881622289,1.4154491777,0.152530711,-0.0334668073,0.8915655141,1
-0.4477834153,0.126082007,-1.3616283863,1.0415571333,1.0561104413,0.8435779444,0.6294048258,0
-0.2144086301,-0.2493983497,0.8809442779,0.8631561452,0.1717967026,1.0702230368,-0.3124752148,1
-0.3147034971,0.200802502,1.1496089224,0.9600380678,-0.0008739046,1.1803695719,0.3856768729,1
-0.1764889239,0.7970759546,0.9403373285,0.1322520993,0.9834952068,1.0574870558,0.3407890875,1
-0.171729775,0.2282437269,0.6433993559,1.42732907,-0.7883176318,1.3485367004,0.3597103694,1
-0.1461873643,0.5863541315,0.7305479774,0.8916416819,0.0279753203,1.0697612568,0.4971134256,1
0.0799717578,0.4817082588,0.2497894984,0.0020620452,-0.348459335,-0.0980551982,-0.0103441615,0
-0.1554583462,1.0139114965,0.2650258145,-0.007516077,0.0243996755,1.1880621307,0.8528524171,0
0.3899779475,0.6122104909,-0.0939136049,0.9736508066,0.8351564741,1.103220973,-0.5906959236,0
0.2899542442,0.905838943,1.037987622,0.4815830363,1.5169243829,-0.4747659477,0.2297634253,1
0.2023790683,-0.0272121449,-0.0751848046,-0.1565518623,-0.14640614,-0.1602127351,0.1571710528,0
-0.1543766008,-0.2490883884,-0.5068247743,0.3771063603,0.309395079,0.1882992409,0.2303171599,0
-0.6775337775,0.7580422731,-0.3789312576,0.2441365436,-0.7575113388,1.1560255134,0.7213019607,0
-0.2804139696,-0.2950130311,0.0006281297,-0.2078726779,0.4645877753,-0.6692983008,-0.4949800892,0
-0.6980476959,1.2236047872,0.6636532458,-0.5646954219,1.0908048723,0.1623035935,-0.2720079485,1
-0.1432446669,1.0935511383,-0.3257055847,0.2570829745,0.3917030957,0.0179182929,0.2369455559,0
0.287351967,0.5867009626,0.5720714004,0.7321210037,-0.7621751908,-0.0230491203,0.4714719633,1
0.235636825,1.0607773487,0.3559671157,0.7771203125,0.5377411038,-0.2868984875,1.1261446331,1
0.6509549421,0.5293430203,2.0299679495,1.0062454457,0.1524459899,0.8837811646,0.8272251472,1
-0.2543141366,0.2940900758,1.0472929523,0.7264670262,-0.1762564042,1.2067613046,0.3642966417,1
-0.1456294238,-0.2961498347,0.5099208414,0.5679439058,-0.1092883796,0.4872304947,-0.2535219971,0
0.449734326,-0.1053060925,0.5828838216,-0.5590079391,1.423457636,1.1717327196,0.7539103981,1
-0.2029097634,-0.0593093307,0.2509732184,0.7409387481,0.6175975505,0.7908721143,0.0116937954,1
-0.3948957347,1.0736036513,1.3345459549,1.3800921378,0.4596249457,-0.0003408898,0.772223387,1
-0.0362564559,0.1281510715,1.0674009086,0.3602033462,0.8005111622,1.4094701488,1.0044337442,1
0.1862666086,0.7066089844,0.9501207514,-0.5073616952,1.1212066465,0.7650937637,0.268350255,1
0.2068790567,1.205480863,-0.2579231908,-0.6042389544,-0.7916160457,0.5125388186,1.2485496441,0
-0.2569744759,1.1506308406,0.055257217,-0.0433311881,0.6619957744,0.7211896271,1.2992491168,0
-0.295448207,1.0474662758,-0.6931017856,-0.2574845989,0.3438820691,1.3698793947,0.7791549143,0
0.2378311892,1.2151523401,0.909295809,0.4405965708,-0.4508196772,-0.4272808524,1.0292869336,1
0.3871368284,-0.0407974516,1.1259013431,0.231314875,1.0309357439,0.5771929385,1.0533719663,1
-0.1465991746,-0.2136568105,-0.8146446714,0.9645264922,1.3328886358,-0.3060486202,0.6719463367,0
0.7859111053,0.3107435172,0.7133294026,1.2995017431,1.6531414577,-0.2557350889,1.3056498413,0
-0.0408511393,-0.1341023162,1.3796885642,0.588294086,0.6182026642,0.353978149,0.4395887877,1
0.2996463784,1.2934034217,-0.3393042956,-0.6929660312,-0.1661822693,1.2325006224,0.3840731616,0
0.2554516218,1.9500690155,0.8852447079,-0.4293540786,1.089519091,-0.3485654886,-0.442054665,1
-0.6001260763,-0.1461489868,0.7697100516,0.3701045992,0.6861012675,1.4140353971,0.9770374615,1
-1.1955702485,1.5777031268,1.5861071959,0.031753807,1.5102074346,-0.0684418411,-0.0204807466,1
0.451620869,-0.0041546064,1.2311348063,0.0230915847,-0.0949137702,1.0150605724,-0.4481857238,1
0.0621176007,-0.2842425821,0.943109251,-0.2025464397,0.8867467267,1.2790595786,0.7827475941,1
0.1276493221,1.2552073699,-0.0820916714,1.2156144527,1.1662102196,0.7779119072,0.4470979016,0
0.4113459518,0.4328862053,1.3287916392,0.6350204473,0.3966000472,0.3402782587,-0.053983413,1
-0.2710906398,0.8578803968,-0.6106279812,1.1614795833,0.4348866176,1.2780443217,0.1083572577,0
-0.5510191876,1.5448195857,1.1271294083,1.3812013312,1.0963535334,1.1093725618,-0.4874806777,0
-0.5603644024,0.8676914852,-0.3592925939,0.4021493117,1.586445821,1.325487027,0.118471544,0
-0.1539337653,-0.2343032801,0.673911563,0.155544316,0.978265569,1.3355401235,0.843060761,1
0.1994025228,-0.0743781951,1.0689426933,0.575669627,0.2282653077,0.0981703307,1.1851018078,1
-0.2001614004,1.2122012689,0.4691031087,1.3394409556,0.1921008462,0.0890368318,0.9209540929,1
-0.1349504487,-0.5524173843,1.129664192,0.9583395222,-0.7542629128,0.7867159882,0.3030678124,1
-0.3960639552,-0.4250814455,-0.3930014945,0.1584361295,0.573668436,-0.2000986144,0.4411278137,0
-0.4274000643,1.0037880687,-0.7962813565,1.0939687539,0.3443965135,1.0062115351,0.2179543561,0
-0.3445628644,0.0580971654,-0.3276175594,-0.0351991368,0.5702834031,-0.2746538543,0.0259932213,0
-0.2778026204,-0.1448992237,1.4227947677,0.115951426,0.9488347658,1.0444144511,0.7168505045,1
-0.3046344003,0.4814393758,-0.2159262613,-0.1811352896,0.7330262278,1.4545084735,0.8122351489,0
0.1728335095,-0.1078284072,2.0367629023,1.5599813439,0.0370916654,0.64690939,-0.3058860265,1
-0.1170652291,-0.1516597177,1.2691898791,-0.6482118064,0.711632731,1.1509518017,1.0418850282,1
-0.3694144712,-0.2158308541,0.0910549902,0.8531614447,1.2007812685,0.3470184975,0.649079808,0
0.3356949245,-0.283360701,-0.168884555,0.7812388369,-0.0775002361,-0.1139177148,-0.361338781,0
0.5106963487,0.8604708639,0.7902705545,0.2480176938,0.3316077873,-0.1767264489,1.6963998807,1
-0.1749744986,0.7322928105,-0.2165889321,1.3535457077,0.3570022309,0.541637448,0.8618303316,0
-0.5112941907,1.0152636433,0.7042924716,0.592179035,0.2650875472,0.5503370242,0.8799323657,1
0.8133627036,-0.3884810558,0.3754447301,1.4624659017,1.0183041093,0.2152555106,1.3824689353,0
-0.5622039085,1.2303851778,0.8168665907,-0.3069901063,0.6986086187,0.3736700695,-0.2994353087,1
-0.0574676595,-0.0700745083,-0.2371916787,-0.0956892259,-0.3178304353,1.572492484,0.3997441781,0
-0.4915112611,0.4907320207,0.280026657,0.2540143623,-0.2749610927,-0.2322211205,0.4024861945,0
0.2626601193,0.7121374507,1.2960453407,0.1202863871,0.5816041953,-0.3696776205,0.4269219041,1
-0.3176135693,0.220144244,0.632566433,1.0182832612,-0.347620458,0.937652413,-0.0073411464,1
0.4383812317,1.2939290092,-0.4942495671,-0.397268046,-0.4690148995,1.596542958,0.7536025684,0
-0.1562517953,-0.3919039654,-0.4663544296,0.8249296526,0.4313974813,-0.0399228609,1.2024868791,0
-0.4856382672,-0.2799888709,-0.1953712428,1.8344295575,1.2101054957,0.3224578693,0.891511572,0
-0.3423456441,0.6366091053,-0.1509764021,0.4756689217,-0.1482000541,0.7125158338,0.3731991262,0
-0.0765725734,1.1464569737,1.3429117382,0.7442354799,0.9031878189,-0.2546643887,0.300869615,1
-0.0031250284,1.1509296302,0.6490809377,-0.2180244618,1.2115718568,-0.0618254927,0.2589569096,1
0.4419879564,-0.3204900613,-0.3959004952,-0.983296908,0.2807411785,0.0374465568,0.4997282707,0
-0.0582290988,0.6542165618,-0.4258533594,0.0593120406,-0.1619908465,0.6725969879,1.3236680298,0
-0.1159068302,0.1694258837,0.1099847393,0.7278250168,1.1645073022,0.3224735549,0.7119551739,0
-0.0475952282,1.1371031458,0.6528284157,-0.1463016778,1.1301965262,-0.3071216377,0.5275502241,1
-0.6739329222,1.1963084558,1.1087617183,0.1524195203,0.6911639324,-0.1022065809,0.6453505542,1
0.3344613782,-0.0839479227,1.0888743804,0.492841801,0.6458091875,1.0122045293,0.7504822543,1
-0.5840446463,-0.0755317636,1.0310138459,1.1779237241,-0.259382996,0.8319563156,0.6156868527,1
0.0812951785,0.1504969452,-0.7036848388,0.1900561634,0.6035394932,-0.1413789375,0.1515209234,0
-0.3577006218,0.3737995284,0.1765660837,-0.2417945031,-0.9114633573,0.3183662607,-0.631928105,0
0.0959856219,0.4277784646,-0.192291705,0.3660770417,-1.0353405737,0.9356654943,1.5501701911,0
-0.4491246262,0.3298906296,1.2791773124,1.2131273369,-0.2787773557,0.942522847,0.1521969614,1
0.3495538956,0.8379948482,1.2788069332,-0.5414878252,1.2938507168,0.477739233,-0.163858775,1
-0.3774766125,0.3935763744,0.5808315678,0.4031572396,1.267352812,1.2164513582,1.287848247,1
0.740888107,-0.0676114126,1.2997853824,0.9436139064,0.7093966083,-0.1221387395,1.5304270624,0
0.2287408653,0.8198278424,0.5756474011,-0.7699088251,0.5339845392,-0.4777092863,0.5925969741,1
-0.138873194,0.1283336984,-0.0157497548,-0.0542335338,-0.3907057058,-0.4986521144,-0.7227487985,0
0.1197211307,0.399328304,0.1614130217,0.4658386833,-0.2025471821,-0.503501381,0.0400747133,0
-0.7782895577,0.5703441861,1.2339544166,-0.2194930984,1.155368618,0.790871327,0.5907578616,1
0.0165286102,0.3515636179,-0.1548792112,1.0851324547,0.3428519278,0.244636799,-0.0138462626,0
-0.3868359348,0.1804440825,1.7022032909,1.1099165129,-0.0141855239,0.2235871096,0.2611799787,1
-0.2829166727,0.2050751358,0.8056403331,0.768797918,0.1536017175,0.7651922882,0.0719643708,1
0.3989400455,0.1763881283,-0.2493443751,0.9412443972,0.2802799084,0.7597237915,1.0035657587,0
-0.0367207683,-0.2503246641,0.2323967435,-0.2200607657,-0.2669032101,0.9931724911,1.1667946236,0
0.3308525807,0.296183762,1.0975471651,1.3150136453,-0.9701034962,0.9753868194,0.130742552,1
0.3350610338,-0.1760286902,-0.217276266,1.2552684452,0.3420748052,-0.3883581448,1.2120845914,0
-0.0006451509,-0.3166039113,0.7917986249,1.2078379106,-0.222203688,1.4914912265,0.3899801934,1
0.0022218039,0.0169205272,0.8434780514,0.0774822119,0.4740872729,1.3323476397,1.2153204513,1
0.6206483496,0.9184692587,0.7949616438,1.3304499482,-0.1064136307,0.4121151265,0.62103239,1
-0.7126971864,0.2284919491,0.8132445756,-0.1449182034,-0.4487098618,-0.2716247904,-0.1163097043,0
-0.1256273116,-0.3144879524,0.6747023238,0.1139009701,1.1149474524,0.700538892,1.3740240103,1
-0.0344964031,-0.5982513949,0.811492193,0.4906342019,0.2670587573,0.5575513345,-0.827975387,1
0.1380895576,0.5602012061,1.2912081026,0.1010727815,1.0667895532,0.1006347567,0.1226722506,1
-0.4096569286,0.4888149261,0.0585309302,0.8367876038,1.2784722455,1.6651239298,-0.2860890379,0
0.6912957926,1.5674545795,-0.0162404243,0.752402703,0.9298956754,1.0008630362,-0.2327210889,0
0.178023642,0.5696821665,0.4587611787,1.1012379051,0.8581561581,1.1440286432,0.1565466107,0
0.4231498126,0.5838933049,0.7723137643,0.1436504477,0.0640497718,-0.0378051405,-0.2229976462,1
-0.6232402152,0.7625888569,0.5901611774,-0.0519044106,-0.0862468992,1.5966480703,1.1972164355,0
0.3845853578,-0.0114572626,0.2420275604,0.0334054152,1.0677193906,0.631394489,1.4255440513,1
0.017462485,2.1361180232,-0.3098200893,1.0697082879,1.6541344321,1.4285549479,0.1505514884,0
-0.1664172126,1.0668044317,0.5600123697,-0.3075142417,1.1323911333,0.0099980791,0.8598825149,1
-0.2668218309,-0.4590046689,0.3362068157,0.6861377137,0.4680244934,0.7137201149,0.037711786,1
0.748077368,0.8918385167,1.0769765341,1.4183155892,0.4358850981,-0.4997179299,0.6588986303,1
0.2012711182,0.8949991496,0.0260115894,-0.361701418,0.5527861102,1.3471406466,0.7310667343,0
-0.4533990629,-0.5328945475,-0.5375074001,0.2321807782,1.4186857833,1.040168371,0.8888095761,0
0.291140895,1.2776646868,1.31487524,-0.3888242585,1.0931005649,-0.6623251584,-0.4025313652,1
-0.251770696,0.2927420364,0.5560430738,1.3870651506,0.422008279,-0.2485066698,0.6049280796,1
0.0058862687,0.668518791,1.2224624548,-0.0600058168,1.6289069732,0.1016477902,0.4479966223,1
-0.3298641329,-0.1967736726,1.4207571162,-0.1387121011,1.071190162,0.968114032,1.0689407696,1
0.0961938172,1.1090270689,0.5343220853,1.5742668699,0.3750883724,-0.0219180941,0.8496052363,1
-0.162603751,1.582992586,0.1507778713,1.0092297687,0.1928745424,0.8255532722,-0.2107536202,0
0.2581664812,0.3940297761,0.0259708446,0.4687674881,0.0889647299,-0.1776040416,0.0824409161,0
0.1382630205,-0.7441788698,1.0497936343,0.1220508148,0.9220433099,0.3767731118,1.4812643806,1
0.6034392536,1.1150913029,0.0966506179,0.0098519104,-0.25584269,0.9498737956,1.0283966709,0
-0.0943985625,-0.1618296486,1.1341218742,-0.1625523008,0.4941916654,1.1609919684,1.0257031523,1
0.1110276209,-0.3673403855,0.8125737759,-0.2439364801,0.6848793249,0.9411085896,0.6371378666,1
0.0598084502,-0.0699664398,1.3959313822,1.3153482015,-0.5320664669,1.515297404,-0.2930729779,1
0.8280322517,-0.6748774603,-0.0663991995,0.8916844661,1.0095125124,-0.5877995798,1.0103129895,0
0.571369167,-0.6043310193,0.4629112944,1.0175721597,-0.7253718711,0.7592903732,-0.1688149933,1
0.1349074893,1.2743868262,1.8709013578,0.3216004833,1.222990226,0.686423752,0.0846620625,1
-0.021301684,-0.6074776217,0.0240079326,-0.179096299,-0.4203048022,0.7947276883,-0.5266303896,0
0.8333631389,1.4278222299,0.8357155319,1.180099544,0.0688938387,0.355157562,0.508135643,1
-0.2724180647,0.0229039432,1.3810686835,1.4112069874,0.4261287558,1.1137040446,0.1143488852,1
-0.0958097586,0.1745308428,0.1281900409,0.8468991297,1.0676322336,0.210411411,0.691129095,0
-0.4826639807,0.7249688123,0.9979385386,1.1133652566,-0.2039598547,1.223870916,0.0951338172,1
-0.0032889039,0.0963976548,0.0942474549,0.445115218,0.6260893678,-0.5260278448,0.251919152,0
0.2552235644,-0.0662683245,0.3262825777,0.980527737,-0.3841732288,0.2668183772,0.4434361904,0
0.3464690455,0.0708029421,0.1558502168,-0.1762314108,-0.2092680477,0.3460081026,-0.2054590822,0
0.2434114852,1.0747096808,1.0546002091,1.3071066579,-0.060808924,-0.7945584378,1.0508861736,1
-0.4536797452,1.0847210628,1.2427933464,0.7689701914,0.1390685579,0.4122528128,0.733221944,1
0.5362593465,0.625262936,-0.3084301497,-0.3194514855,0.5331771602,1.2008284102,1.0286531492,0
0.145296865,0.8352613904,-0.6140931969,1.1677926231,1.2020631611,0.9061540673,-0.3224782768,0
-0.0917733116,-0.0511605953,0.185199139,0.4127394176,0.1749711885,-0.5457821776,-0.1523437624,0
0.1482682385,-0.3606570148,-0.3830616621,-0.0216047349,-0.1919714579,0.2516462055,0.1568172831,0
0.2715556489,-0.177072448,0.5363772071,0.8702738059,-0.1353078856,1.0668184404,0.3887297588,1
0.3131942221,0.3792103359,-0.2075169971,1.0004831854,0.4390856035,-0.0957239857,0.4717437892,0
-0.2555260467,0.6565180712,0.5218400888,0.6383573391,0.2314429118,0.2893445228,0.7855196465,1
0.094309463,1.5202049407,0.1069969809,0.1878359617,0.337349436,0.5054634311,0.9655536127,0
0.6349851174,0.3974515998,0.0004528035,-0.1088460358,0.3602261403,0.4244153431,0.0413440297,0
0.2142815587,0.1416012161,0.622939204,0.5111901724,-0.1996204452,1.9579978358,0.0711991837,1
-0.0645662902,0.3293279419,1.1480940827,-0.1963717212,0.9553116971,1.2447943293,0.9220820394,1
-0.3695345695,1.2795307825,-0.4177723483,0.3507141771,1.2348610395,1.2505319369,0.6868791452,0
-0.0707482199,-0.0348001443,-0.2090621998,-0.1384001647,0.0180170195,-0.0310436967,0.2398718594,0
-0.0801546876,-0.3002269502,-0.2533284781,1.1819833433,0.4018990818,0.4085799785,1.4078898978,0
-0.1048288892,1.3065651165,1.5319467231,-0.2956790155,0.8930832121,0.4611054178,-0.5971605273,1
0.289136937,1.0754223438,0.0167340459,-0.1286658566,-0.3587880492,1.0743004677,0.5628301623,0
0.4777970021,0.8815313099,1.0991717361,0.2251905803,1.050207045,0.169431728,-0.0630073616,1
0.1826333202,0.2175547039,1.5741071792,0.9018412089,-0.9963819375,1.2700434016,0.7133798283,1
-0.1610065094,-0.5769756082,1.1452562184,0.2496177576,1.6999177725,1.1733509834,1.0544961729,1
0.5973652376,-0.4011482455,-0.0098306753,1.0841464022,1.1099843595,-0.7285581538,0.7312400103,0
0.3016352007,-0.7435339951,0.4818956391,0.5247340593,0.2326374865,0.3187740264,0.0274127751,0
-0.513137304,1.256286192,0.0517755467,-0.0816164211,-0.2859433082,1.0193131004,0.8672602222,0
0.0594939796,0.0124996976,1.1021242037,-0.6366592234,1.3067574826,1.1859592109,0.6659817848,1
-0.8514675972,0.3164602408,0.3060217308,-1.0321557203,0.1698144532,-0.3073911029,0.1369035269,0
-0.466126763,0.111825107,-0.3445014371,0.3869764038,-0.4753856811,0.3332923383,0.3895840682,0
-0.3091846062,-0.4955039747,0.063441599,1.4823684494,0.9580620927,0.4042132635,1.3192733229,0
0.2962626329,1.0219766646,0.150150741,0.6201073582,0.7871402324,1.1573743356,-0.1166342033,0
0.5623454156,-0.13385178,-0.1886889059,-0.0260650135,-0.1572774733,0.1586385132,0.3381116499,0
0.3717960414,0.5978662303,-0.1299569366,-0.0018370814,-0.2582218783,-0.3399331788,-0.1812946384,0
0.4279287884,0.9784894429,0.9838668301,0.8512153113,-0.3678361765,-0.4326541781,1.1834145377,1
0.3936731786,0.76112167,0.5461919006,1.8310292252,1.3617005903,1.1030451453,0.4572469344,0
0.0595260103,0.9936425003,0.9726426704,-0.7695047331,1.0624820138,-0.0575475012,-0.3536536946,1
0.1325302529,-0.0378423763,0.9862750381,0.3870568551,0.9208961274,1.4151265152,1.0347163425,1
-0.0855784478,-0.2076889727,0.3593653071,0.5028992786,1.555469112,0.4437637653,0.8186790615,0
-0.0932120503,0.5311904107,1.5902650927,-0.6582550979,0.702180032,0.9963914681,0.6014311954,1
0.0774405114,0.663723956,1.1187743559,0.3896135464,1.389556913,-0.5353868554,-0.1059850324,1
0.0925462878,1.1594992438,0.6206693893,-0.2934708574,-0.5768893187,1.1122212285,0.9033632051,0
-0.3221415206,0.471343741,0.1143291964,-0.3239983807,-0.2671703099,1.1713747557,1.3485314415,0
-0.8372116111,0.5111157285,0.3367798068,-0.0691928663,0.4966134865,-0.0114213426,-0.5904033916,0
0.140705798,0.861672616,1.4257683824,1.2768123674,-0.0424368926,0.5366417238,0.61621206,1
-0.5261244358,0.5192479219,-0.579582313,-0.3338147816,0.5406914203,0.027653892,-0.2744345491,0
0.1585026953,-0.0981346451,-0.1419851748,-0.4857370385,-0.0629059585,1.020926018,1.0324113076,0
-0.6836708425,0.1511709281,1.5745860548,0.528056297,1.5929373266,1.5247328213,1.0526198594,1
0.9795322575,0.318111357,0.4641250589,1.086526919,0.4940305512,-0.4913889378,1.0229286565,0
-0.0259902368,0.5892365349,0.9193723925,-0.4744211595,1.1204885369,1.3615238146,1.1411685989,1
-0.0029521872,-0.0457878708,-0.112017833,1.5121713194,1.6828705413,-0.2171757012,0.7677747792,0
-0.2088835299,0.8880698249,1.9149548494,-0.3650507399,0.7670658017,-0.606082507,0.0803281871,1
-0.8201748963,0.3811253722,-0.2108244882,1.3460500733,0.5035857772,-0.079403893,1.3081974533,0
0.4616010344,0.838074104,-0.5474803132,0.9157572341,1.2371077464,1.3925908713,0.159847144,0
0.5151252846,0.9698690893,-0.4982873787,1.2609204534,1.5725781514,0.7867644509,-0.0912036039,0
-0.1796685328,0.9530860518,0.451282262,1.3843997613,0.6943295176,-0.5055193634,1.4036958325,1
0.15294142,0.3178856336,1.1345959791,0.9872209484,-0.2118396547,1.225274235,0.38831886,1
-0.5232179494,-0.7499563114,-0.8135432861,1.6889680827,1.5417061375,0.2117587334,0.9647708655,0
-0.0444792513,0.283536715,-0.3009517784,1.3200792582,0.5390860163,-0.3726403682,0.7374045353,0
0.092588562,1.4769306316,0.9053765339,0.123330519,0.6170274339,0.2238893545,-0.1600436701,1
-0.7184992408,-0.2108500841,-0.0324735558,0.4457066545,1.2040515992,-0.662665266,1.0730148842,0
-0.0814181641,-0.5487796378,0.3794155851,-0.0232470401,-0.0665018722,0.1572612568,-0.0493058278,0
0.01766201,1.1859471884,0.7272338408,0.4766176775,-0.2311305774,0.4936639239,0.5497149421,1
0.1310508391,-0.9203157708,0.7705480567,0.5927687686,0.2261579608,0.772706731,-0.2706064441,1
0.2288920669,0.8423632161,0.7880744201,-0.0912539531,0.762655453,-0.1747915012,0.01930729,1
0.3589812081,0.3777244365,0.8771452086,-0.2756194005,0.6722097554,1.3169676715,1.196399239,1
-0.1188795391,0.0381457048,1.0332601652,-0.014552102,1.6535470901,1.2275318965,0.600107252,1
-0.0736352502,1.2956200961,0.9695301353,-0.2813875207,1.7189457626,-0.8087601816,0.4128237373,1
-0.0163882573,0.2051135097,-0.2507820684,-0.0379041098,-0.5933999909,-0.2923129019,-0.2682270042,0
1.0550598571,0.1290442454,0.8268938004,-0.3551458438,0.9932905729,0.9231903284,1.0653121305,1
-0.4336807122,-0.2767689021,0.5410574607,-0.1393487045,0.0136312276,0.6484181086,0.2157582543,0
0.765648997,-0.463843546,0.7930575263,1.5010067634,0.2937270149,0.9707847649,0.027173486,1
-0.3199286626,0.0379763178,-0.055890517,1.3555264563,1.4318091854,0.3453275855,0.9711908141,0
-0.3479464196,1.4015982662,0.403022247,1.3101075315,0.5268442513,1.2250029772,-0.2140937653,0
0.2954120214,-0.3445732169,0.4941490029,1.0574445038,0.7567143667,0.2478206945,0.9744027388,0
-0.5290365188,-0.1913659841,-0.2112796043,1.1893079213,0.9835690084,-0.1360862608,1.536351133,0
0.1800413513,-0.012821222,1.6485000799,0.4043600784,-0.0420002983,1.3668799982,0.3724262342,1
-0.3252619071,1.1913622293,1.1305706212,0.2612914232,0.8136486891,-0.2077763202,-0.4292658853,1
0.2085432392,1.2114556068,0.8472191799,0.6275365177,-0.1243436975,0.0113364226,0.5522195937,1
-0.1100591177,0.3156663927,0.254426461,1.0647458501,0.8982394424,0.1875388693,1.1649701103,0
-0.1043163922,0.4285092865,1.4883118193,0.0616928462,1.1976817017,-0.4743314741,0.3479480493,1
0.1367973118,-0.4078733496,0.0282961135,-0.2508616775,0.1676791118,0.3452530814,0.2863733809,0
0.2826023918,0.2811789297,0.6059969704,0.0948613269,1.5985820971,0.679741473,1.6741482744,1
0.045870553,0.302610922,0.0928833279,1.092340577,1.514477805,-0.1658184221,1.4258772143,0
0.3909645872,-0.0923168345,-0.0597102591,1.2718231833,1.8607158053,-0.5959104188,0.5189687773,0
0.2537515719,1.0826870203,0.1758520708,1.6971956139,0.7403117986,1.5934023995,-0.5115833831,0
0.0595471525,1.492246748,0.9168895837,1.1795519561,0.931953215,-0.0820605413,0.7704279805,1
-0.0423832836,-0.3599565077,0.9061443303,0.3936985039,-0.0322734209,0.8910809374,-0.4141744,1
0.0921761321,0.5958085623,1.3299239856,-0.4240183964,1.4125876546,0.5120462784,-0.6795517825,1
-0.309892436,1.151398572,-0.2780741628,0.2439290345,0.3150438418,0.6901066359,0.4993885888,0
0.4853645904,0.3189288195,1.3377857508,-0.8781748463,0.7313111685,0.4144515506,1.0418351502,1
-0.6407659587,1.156835057,0.7988010212,-0.371330076,1.1987326762,0.0084499464,-0.5781114097,1
-0.3821545725,0.9693243837,-0.1840248939,0.5059734189,0.9082510225,1.2717924091,0.2068468898,0
-0.251208979,-0.0176965261,0.6562931095,0.0148506888,1.311751562,0.8959546467,1.3464529487,1
-0.6147285995,-0.4513087514,0.860619313,-0.0331404885,1.4296156061,0.4946439055,0.7508663096,1
-0.262213988,-0.5432169796,1.5203678181,1.0978661946,0.8747609037,0.4946545898,1.0541658421,1
-0.1245381148,0.3562591164,1.4353635541,0.739908444,0.6878281137,0.2094104626,0.0080267511,1
-0.2621140469,0.5143083532,1.0544340124,1.2486871437,-0.0700892446,1.4466925626,-0.5772758789,1
-0.2669792339,1.0777230618,0.8878753899,-0.0537902211,0.9905003875,-0.0111059504,-0.0743699865,1
0.1003411795,1.562823399,0.2197953468,1.3762757509,1.559460129,1.3012475352,-0.627378724,0
0.3620551224,0.9103045525,-0.2752755943,1.0026689871,1.0041900598,0.4344639954,-0.2146052942,0
0.3876742755,-0.788462605,-0.2277440882,1.2313661259,0.6231227707,-0.339836137,-0.2071593143,0
0.1280858025,1.2615632535,-0.5223571341,1.4072148051,1.4256044806,0.8114599615,-0.1223670754,0
-0.0350508337,0.9314798081,1.0128346297,1.0682657473,0.5282761785,-0.068522118,1.3559092228,1
0.0669958518,0.7689986528,-0.0951543522,-0.4388049721,0.4443064432,0.8043954929,0.3880728106,0
0.1897049996,0.4080726949,0.180026673,0.8439623842,0.537074281,-0.6292584299,0.5977327813,0
-0.159190943,0.4005364785,1.2539521208,1.2224550368,0.754324893,0.0086678559,0.5093042717,1
0.0574682826,1.6723038386,1.2098801019,1.0402798154,-0.51676121,-0.4988228371,0.8784749495,1
0.300175277,1.1424029531,0.7204236194,0.2369754814,0.6999020026,-0.1453919391,0.3067508283,1
0.0787357017,0.7747235356,0.9645161796,1.7828171412,0.2826688318,1.2195878196,-0.2158770461,1
0.1584028158,-0.1310257288,-0.1610343862,0.4571577815,-0.0119100381,0.3610432798,-0.2110949914,0
-0.0381823008,1.2067989462,0.8979643343,0.3810047181,1.4326956308,0.7275511781,0.1726247459,1
-0.2071013163,-0.1150405976,1.0797542556,0.8120739246,-0.4939244976,0.7650014973,-0.2719252514,1
-0.5189914469,0.722480202,0.5872227484,-0.1225198217,0.6680441132,0.1147232715,-0.1301222315,1
-0.2292209295,0.5425961933,0.1106870394,-0.4702992812,0.4793753761,-0.6656927045,0.1344437092,0
0.2089820485,0.8815535377,0.8863845705,0.8640208099,-0.6756798403,-0.1881642367,0.7855279231,1
0.1938898346,0.0793853141,-0.0082728237,1.1232618869,0.6355002009,-0.173025103,0.7886688843,0
-0.7403033777,0.1352453106,0.6081616448,0.8268482518,1.3441736323,0.2023403176,0.5142365357,0
0.0206385345,0.0539275486,-0.0731942862,1.0693424809,1.083160834,-0.2652535496,0.8141547296,0
-0.1491081669,0.7649359373,0.9833937209,-0.124569277,1.0993493553,0.5903899181,-0.1280460385,1
-0.2257518255,-0.0065784643,0.5344873935,0.7915504546,0.7782990609,0.6100906674,0.347544594,0
0.2702694962,0.3602077559,0.1731935056,0.3474662792,-0.8522121748,-0.2167507981,-0.0399437759,0
0.1107457292,0.3341001974,-0.1273453689,0.6563887268,0.1339720957,-0.0339095067,0.647894378,0
-0.752039815,1.2695922415,1.1367291203,0.5543719423,-0.1198303898,-0.0079725902,1.3337223558,1
0.0040993666,0.9140554411,1.2148608757,1.5011254841,0.0611254054,-0.4352586651,1.040175803,1
0.3803005922,-0.5118944872,1.0060476368,-0.0124190332,-0.7566440458,0.1794176011,0.1136992941,0
-0.0490676447,1.2641696175,1.2482897712,0.0539485095,1.1164556879,-0.6693529443,-0.4259669435,1
0.0884516224,0.7897092683,0.1915611579,1.3002424698,0.2990382932,0.9300632764,-0.2439775584,0
-0.736976466,-0.3719885598,-0.2713093655,0.4869538612,0.3733098841,0.2715410909,0.2831067577,0
0.1246253494,1.2064135674,0.3324815508,1.751192877,-0.4113634231,0.0593431706,0.7436293004,1
-0.4816140918,-0.5729685773,-0.1087154853,0.0795575706,0.0947331349,-0.2305929652,-0.0835086851,0
-0.2168791513,1.3915154359,-0.1076923403,0.1125809288,0.6268199673,0.925022232,-0.5203789404,0
0.5452045572,1.006855092,0.9138510142,-0.0648345099,1.2433150614,1.305087515,-0.1289217034,0
0.0767550895,-0.1331383653,-0.3629957208,0.836434762,1.0502906205,0.1530846376,1.13311743,0
0.240767639,1.5190274388,0.9647822275,1.2066110447,0.5632451451,-0.1392879218,0.7381071569,1
0.2695015243,0.109491676,0.2153024301,-0.1566171171,-0.0467658516,1.6886364722,0.630056702,0
0.0854693578,0.8136605564,0.8143272521,0.1998915524,0.3756835068,0.2118439323,0.0458684164,1
0.4356944388,-0.2654520855,-0.415257685,0.8107729737,1.2626804748,-0.0160073265,0.6873015418,0
0.4560689335,1.0324205926,1.3308405052,0.2573546298,1.2705812351,-0.3541348276,0.288589766,1
-0.0465105351,-0.4037752326,0.4374138889,0.0198006296,0.8722320279,1.4933642249,1.0118115346,1
-0.393457024,1.6490426221,0.2607435675,0.0659141909,-0.1222671962,1.7751963247,1.3957162623,0
-0.0207506807,0.5489896911,0.3865562352,-0.2562190932,1.1085210476,0.5155937122,1.1894153454,0
0.3152741789,-0.0936948382,1.4108199517,0.3125473702,0.5868282645,1.1229584292,1.5248940715,1
0.3271355691,0.3722670511,-0.2782885098,1.1103730738,0.961377724,0.1415481718,1.0287774428,0
0.7583629188,0.1988195404,1.2299351593,0.0784334078,1.1127943855,0.5172214124,0.6611283326,1
0.4464608024,0.5704414603,0.4564536097,1.7271120773,0.7291539502,1.3671793096,0.2408956275,0
-0.021832183,1.2840146136,0.1928324789,1.0468466557,1.3170514261,0.6875572282,-0.3052371179,0
-0.1697983805,-0.1450050821,0.1578388045,0.4938447939,-0.1424111977,0.0328092188,0.2191037495,0
-0.4348963017,-0.6071100435,1.2941468559,-0.9828031927,1.4235556159,1.3415880673,1.2730600295,1
0.1098860786,-0.7103006369,0.0081974398,0.6115948983,1.6599043523,0.0224729354,1.0451175021,0
-0.204457213,-0.3407032566,-0.6019867133,-0.3029149203,0.4466898694,-0.1670480401,-0.079349602,0
-0.0655216927,0.280345962,1.4697217668,0.4862871411,1.5041298499,0.7853160666,1.2920931481,1
0.1072154964,1.1786742102,-0.0633921088,0.8915072866,0.4846100755,1.0380551279,-0.2932121917,0
-0.3826419033,1.3925963429,1.5649592657,1.607578346,0.0737392498,-0.2723056248,0.7663960369,1
0.1345622544,0.0898912716,-0.1850875613,1.2176172347,1.7989157999,1.1158191296,-0.0257944839,0
-0.277281367,-0.8252444019,0.0614003702,0.3074884982,0.1854641009,0.0161868998,0.1495466065,0
0.0816781444,1.1473219348,0.7427585494,0.4618735215,0.358225963,0.0629297374,1.4451375589,1
-0.1656639529,-0.0265725091,-0.1598431941,0.8673838193,0.6862621848,-0.0843449268,1.6685679125,0
-0.2893793149,1.5636361447,0.4018716456,0.0875909392,-0.1419468335,1.0599759101,0.7739115152,0
-0.6253786302,-0.2502099474,0.6582738761,0.0936554773,0.6198603796,1.2999256975,0.5661534319,1
-0.1477540406,0.4268919122,0.2569024676,0.6837666858,-0.4043290608,0.9301886992,0.1509215309,1
0.3077178048,0.1967574847,-0.3462331794,0.8009340928,1.1962828013,0.1126016712,1.5351164448,0
0.1560877024,1.5776769612,0.4952792733,0.2338495801,0.8194056397,0.2388239953,0.286601677,1
-0.2175785941,0.8145358689,0.4518607274,0.936849169,0.8732583413,1.0648820213,-0.0990046327,0
-0.3267018177,0.1397423165,-0.1283872881,0.0018566238,-0.1921858248,0.524643509,0.4553376692,0
-0.5567841671,1.237801152,-0.5953056663,0.6600682288,0.4185969937,1.5582305037,-0.2247943157,0
-0.5983462199,1.1162830406,0.7122674151,0.2616621303,-0.2770811006,0.085765553,0.6690747367,1
-0.4506013234,-0.2307478245,0.46591065,0.276784919,0.5140770742,-0.0684749576,1.0860952679,0
-0.4580640202,1.0559365428,0.8248125641,0.0786821693,0.8124467585,0.0139370546,0.3129632236,1
0.1778012466,1.2153768688,0.9605263491,0.0970979235,0.9546734283,0.1790683653,0.4649954594,1
0.0211596358,-0.7273449802,0.4115258928,0.7142287126,1.2124144834,-0.0424966638,0.7941595249,0
0.0141168683,1.4087835762,1.6238864956,-0.3470212012,1.9919570649,0.1823728486,0.2079130595,1
0.4533571249,0.7712218061,1.5403264973,-0.0281488543,1.2716151379,-0.645460048,-0.0898207541,1
0.0371438128,1.9790848867,1.1963981997,0.987480355,0.4044004704,0.0300452053,1.3113160712,1
0.2971344344,0.9579775791,1.4366393151,0.6940509806,-0.3750954985,0.0525633223,1.113046765,1
0.5226446983,0.6507800331,0.4168258541,0.4612135488,0.7318512595,1.4490372619,-0.4109956489,0
0.4275062072,0.9296153059,1.562302353,1.593876995,0.7447256032,0.0714146384,1.7847878993,1
0.1793492035,1.294240514,-0.6738955989,0.1304370065,0.1298608437,0.8984750146,0.8251562223,0
0.0976625717,-0.0892523237,-0.3965622638,-0.3002807802,0.2034491374,0.2602982914,-0.1601919789,0
0.9507810637,0.1903385142,-0.5969412239,-0.3641012008,-0.3238022468,0.3177712924,0.2999916069,0
-0.5572175677,1.4699802086,1.1680016691,0.1370078184,1.4142615801,-0.235712736,-0.0853864727,1
-0.2160087778,1.3669744635,0.8676769475,-0.0114621132,1.2571829587,0.1186059949,0.2971219535,1
0.0816458998,1.8758518648,1.0237574589,1.2048792256,-0.6086960062,0.5095569859,0.870825983,1
0.1984008235,-0.4436013841,1.1321867651,-0.0357391173,0.4517888054,1.4747839968,1.200295878,1
0.2957942345,-0.0301917283,-0.0626011235,0.1164351248,0.1464757869,0.4276515693,-0.0880044329,0
0.883581411,-0.075088806,0.1193804599,1.3539752022,0.8539198933,-0.2999603923,1.05228802,0
0.4808208294,-0.0886131809,1.4355191854,-0.1073883545,0.9935898297,1.6027268056,1.8324647899,1
0.4196016081,1.1650702274,-0.1173706909,0.6680036845,0.7289939258,1.3572927512,0.824894198,0
0.434202522,1.0442100767,1.2667144424,1.6391755781,-0.1001878549,-0.6956626591,0.6352777159,1
-0.3769195048,0.149805252,1.4585039942,0.5374282713,-0.1990350041,0.8422882263,-0.156852391,1
-0.2539180719,0.015082263,1.0710224808,1.0352237532,0.2887873385,0.6520110378,1.0891571191,1
0.8138069388,0.9311469428,0.3351737751,-0.7198297617,-0.57893324,1.2354513615,2.0055285531,0
1.0925916654,-0.2019609532,0.0642013008,0.8987087177,0.8734728595,-0.0210386015,1.1098837781,0
-0.3377805275,1.0076297499,0.184213619,0.1970808908,1.1180310428,-0.0290420589,0.9633914253,0
0.2568690481,0.8988730695,0.2626019422,0.8356296834,1.0108069972,1.3073527158,-0.0188400891,0
0.6838901656,0.6537514354,0.4862732887,1.5718520639,1.0532111762,0.9706229675,0.2416964891,0
-0.0084126377,-0.1740045461,-0.1319342125,1.4899855266,1.3199805313,0.7799230563,0.9347568237,0
0.7074183944,-0.6116298032,-0.7532021887,1.0309770694,1.5715087778,-0.0775699123,1.0792495678,0
-0.2121254542,-0.5479479113,-0.0344277558,-0.5450048185,-0.1629464104,-0.2006063994,0.3802636621,0
-0.1948363418,0.1148314198,-0.2010244018,0.1094061628,-0.3628729092,0.2726048196,-0.1539397916,0
0.2465391416,0.4713187546,-0.0844520986,0.3467007674,1.226422585,-0.2106123721,0.1050192556,0
0.2216346463,1.1221202163,1.1736791471,-0.9154659657,1.4102931653,-0.0688949443,-0.6249929396,1
-0.1900367003,0.3800934399,-0.3457389799,0.6828446365,0.583386458,-0.1053111904,1.0286651972,0
0.6323598599,0.9870783917,1.102221704,1.2384148918,-0.5146074596,0.1029146719,1.0132476005,1
-0.2501063652,-0.128921905,0.5895559371,0.7530554419,1.0536381474,0.2518654364,0.7939376715,0
-0.2968340269,0.1100724675,1.2939253213,1.0009408675,-0.2835342746,1.3422588241,-0.444294717,1
-0.2021915536,0.1503323188,1.6071763948,0.1529076054,1.1647940526,0.6170637667,1.3779050444,1
-0.3473315884,-0.6024251006,0.8879719829,1.4133647852,0.0472069772,0.8857097873,0.0826809145,1
0.0466804652,1.2159181829,-0.2327453459,-0.1673998753,-0.2229316296,0.573241453,1.1823632545,0
0.1610307959,1.0524437998,0.930296309,0.998635048,-0.3064710788,-0.3413090833,1.1688123217,1
-0.3553930136,0.6728820023,2.1125606755,-0.56751418,0.8323807267,0.5499940026,-0.3067838345,1
0.3764173105,-0.0138118585,1.0757219912,1.0270399941,-0.3189494254,1.0373446193,0.0541376119,1
-0.292183404,0.8431770217,1.6860264321,0.7225541834,0.3554405006,1.0602586107,-0.6090899993,1
-0.8730908821,1.4496751455,0.0826620242,-0.3885636532,-0.2084561471,0.6626375694,1.3851817916,0
0.5946150789,0.4557433248,-0.4579792858,-0.3590043587,-0.3047854514,0.3036351144,-0.1871447567,0
-0.1770332794,-0.0065203361,-1.0901672481,1.8168700665,0.2643016146,0.1351678142,1.819779161,0
0.6054924074,-0.1345193992,1.341520015,1.1284876215,-0.4740187127,1.2939332561,-0.1128001337,1
0.0224351722,-0.6158887348,0.1525954129,0.8442039474,1.2157892152,0.3325342752,1.3728627194,0
-0.1218165896,-0.126611364,-0.0684404899,1.6674505211,0.5699694494,0.4668145661,0.4802649875,0
0.1524607647,0.9076364656,0.9114221131,0.3865417197,-0.0948444502,-0.1939920622,0.7758991772,1
0.1273572141,-0.0745555457,0.9968461435,-0.601752157,0.8859358602,0.8048926111,1.7060769351,1
-0.0233195298,1.1371474434,1.3274691631,1.0937117839,-0.2291079372,0.2552131312,1.3583599422,1
-0.0568646642,-0.224943994,-0.2954456089,0.7854319556,1.3264473228,0.181594818,1.1767873484,0
-0.4446409741,0.1844810424,-0.6432846425,-0.2128198462,0.0102503237,0.1378072397,0.1434470212,0
0.0101373162,-0.7006252751,1.8485560231,-0.1589373952,0.9608587943,0.871335565,1.4940257315,1
0.6764393853,1.078105664,-0.0292883299,0.5297381387,-0.1340782214,0.4375391875,1.0466800901,0
0.5427256852,1.245474781,-0.1084047485,0.9545732945,0.7337512187,1.1631802197,0.3185293739,0
-0.6469448885,1.0411568685,0.611451946,0.7091120597,0.4071027046,0.1366965769,0.5858367745,1
0.4582430924,1.2204853671,0.7894515514,0.8909053277,1.0822463904,-0.4649379101,0.4262521725,1
-0.4125326356,-0.1514315035,-0.3059000904,-0.3571628939,0.0004406502,0.3061388797,-0.6497259527,0
0.4320904722,0.0900241602,0.7561283563,0.8307561422,-0.2869251293,1.1352983906,0.0767507603,1
0.464186829,0.7250909131,1.5569649178,0.9972269357,0.0072715306,-0.0644896246,1.3314986848,1
0.2698574626,0.5507130344,0.5064716539,0.0616397047,0.8148208654,0.5816141094,-0.47463203,1
0.2384101285,0.0102776828,0.1326991965,0.537078,1.2760267495,0.8780835215,1.6222556415,1
0.4193798251,1.3605167953,0.0063782957,1.0326049349,-0.1741022974,1.3672271367,0.6653690641,0
-0.2705526375,-0.0007549537,0.4726519161,0.3337129728,1.0557138783,0.1448263955,0.3656727665,1
-0.0216363438,-0.0406391059,0.6877432242,-0.3327871043,0.8334618979,0.9556616716,0.7995709225,1
0.1247683125,1.4133405357,0.2550991437,0.8001214826,1.0087283065,0.4859626518,-0.4647091369,0
-0.5452162577,0.8178752165,0.9427375719,1.3315420011,0.3694785057,-0.4323997584,1.4327070414,1
0.467909525,1.2543601219,0.9891988665,-0.4956028005,1.6706283117,-0.5036506687,0.3558543041,1
-0.2547195867,1.7093969204,-0.036805994,1.2873231864,0.272321823,1.118667296,-0.2724808362,0
-0.2758898113,-0.0293186951,0.514183098,0.1504898763,-0.1491954122,-0.2930321308,0.1196527321,0
-0.0336126105,0.6122270946,-0.8034742292,0.3078795194,1.1654560272,0.2508899348,1.1992123889,0
0.0165075379,0.7800380883,1.4219195988,2.0781380859,-0.1904980953,0.2602414382,1.7238510911,1
-0.4117322971,-0.7146152508,-0.2487622333,0.9256716772,0.9387077039,0.411289919,1.0198717229,0
-0.0257976657,-0.1084974609,1.4508756441,1.2367516111,-0.3763104251,1.084253885,-0.7168723854,1
0.0164392201,-0.2224085945,0.0243308157,0.7243790416,0.7059727317,-0.0554679416,0.1996247718,0
-0.0544966114,0.513627637,-0.1152825384,0.4830339414,1.6359275556,-0.3688070906,0.7891269667,0
-0.3642556818,0.0796860436,0.0960054098,1.2549620906,0.4377314164,0.4194374973,1.242972339,0
0.1894191325,0.3215016055,0.7911558094,0.7193794898,-0.6298552539,0.8854848727,-0.0867682689,1
-0.0805995285,1.3054848176,0.191432234,1.2135398985,0.8683246006,0.7989018363,-0.9547064306,0
0.4441179486,1.2535729449,0.3795699585,1.5150399864,1.0196879879,1.2283914717,0.2301177259,0
0.4586421135,0.9179930742,0.8889907518,-0.080842528,0.5121232575,-0.2203278042,-0.3599502937,1
-0.0035080132,-0.3308179747,1.2874684338,0.9599333858,1.2249720206,0.8717638803,1.391082949,1
0.0927864707,0.3823492781,1.5661217363,0.9694648552,-0.2877711726,0.739708125,-0.2473414285,1
0.1325187639,-0.2567618188,0.6404672101,0.6217133743,1.4894230677,0.9072449652,1.4628760872,1
0.4219751362,0.8602559271,0.401149865,1.0894354179,0.6294764831,1.2402872432,0.8285051932,0
-0.0212372257,1.8244297723,0.4584131953,0.688089801,0.8634912512,1.0623719549,-0.7788122158,0
-0.1243876855,0.1971819438,-0.5229703933,0.0231519969,0.2674742109,-0.0159567873,0.4497017166,0
-0.3624513226,0.6953493578,0.61899075,0.1595366291,1.6325639492,0.0523768982,0.1363422381,1
-0.3934059293,1.7654901108,0.7143023031,-0.453325558,-0.9666354164,1.1550275874,0.8749098333,0
-0.658967931,-0.0036622432,0.1049041269,-0.2397448235,-0.4180658135,-0.462001023,0.2441756829,0
0.0426532941,1.286063898,-0.4007095892,-0.1289112363,0.5150211669,1.1682627984,1.5385389227,0
0.244985232,1.5964288351,0.7609249197,-0.2076485215,1.3616908503,0.4015704784,0.3960460506,1
-0.058349687,1.4233938969,0.9983710576,0.9579862278,0.3187064705,0.2225378439,1.1487852959,1
-0.2955400602,1.2831914488,0.4213210924,1.2259872803,1.0295025659,0.3738281644,0.4518965911,0
0.2323354375,1.6901787203,0.9992659918,-0.2902294193,0.8306196943,0.3781594169,0.1628590874,1
0.4390870667,1.4192453618,1.1280071683,-0.0969209058,0.223811536,0.381173646,-0.2384307299,1
-0.0202427468,-0.3067059734,-0.4325255453,0.0063338797,0.2115127612,-0.0619732172,-0.1324259915,0
-0.0366035744,1.5239394562,1.1113446565,1.0978770918,0.4244278716,0.2056033704,0.8166866631,1
0.0531397941,-0.2699498864,-0.170702036,1.9405711226,0.8250456988,0.4485068123,0.759354234,0
-0.6872879112,0.8193815042,0.0246646729,0.0736404356,0.0082004693,0.9469684256,1.3002836026,0
-0.2829531615,-0.3503946936,-0.2039708342,0.0570778926,1.3479884851,0.3473882331,0.8238181785,0
-0.3148808514,-0.5441895198,-0.8511405426,0.2369838117,-0.2474363586,-0.1730486803,-0.4074834927,0
0.0731237015,1.5631353007,-0.323809021,1.2110483562,1.1956095085,1.1079076927,0.0550859904,0
0.1467355984,0.1445023237,0.0980294363,0.1901028246,1.1119957545,0.2505780954,1.215774006,0
0.1670758134,1.6142060865,0.8560040202,0.4221219962,0.7208111312,-0.213239452,-0.1207254559,1
-0.3610601035,0.9795563897,-0.2731980921,0.0154746972,0.5626969298,0.450002974,-0.1731286581,0
0.3961484462,-0.2595867765,0.60291125,-0.0269054328,-0.09367839,0.6400107858,-0.2241004337,0
0.4039529487,0.2752282006,0.4165443692,0.7391871411,0.402886106,0.4646214635,0.8913270299,0
-0.0818474858,0.8954684231,0.177015854,0.5074066506,-0.4562882975,0.9795539839,0.2961375358,0
-0.2667871311,0.1884639492,-0.0871745447,0.7511118086,1.4456016172,-0.4084466399,1.1359443174,0
0.0839451665,1.2286251671,1.3181324781,1.0502522402,-0.2558694048,-0.0314616111,0.9559094089,1
-0.1390934209,-0.1956570901,-0.6305058094,1.1613522894,1.2393194073,0.0535122233,0.2289966664,0
-0.1476397508,-0.248624262,-0.4065787979,0.3755688907,-0.1571216297,-0.4069899456,-0.0680311898,0
-0.1127267662,0.027240426,-0.4754574773,0.1897195559,-0.3087768417,-0.2101033004,0.3275825957,0
-0.5737945582,-0.012368158,1.0649886703,0.6544555536,0.9078478701,1.0181038587,1.3234252653,1
-0.1094382513,0.9213468202,0.731964568,-0.0045929891,2.0575139324,0.062588134,-0.8938936653,1
0.2781130796,0.5345909548,-0.4013597831,-0.0570619451,0.1544723796,1.3380416753,1.4764494376,0
0.1090810061,-0.7102490372,0.6250850869,0.3738313579,-0.1465599793,0.9653798856,-0.0419047103,1
0.2568880425,0.0952619078,1.06360566,-0.6322530254,1.079516655,1.2825252236,1.1958577409,1
-0.4797340619,-0.0486110206,0.8969257837,0.7477579245,0.4882018945,1.1176547827,0.4053454442,1
0.7162409973,-0.2317249762,-0.7163922613,0.3638541085,0.3931629496,-0.0900608903,-0.0047536646,0
0.9996271119,0.8206807836,1.229035328,-0.4022489815,1.8499623753,-0.3405909496,0.0115448926,1
0.0582078721,1.0734216003,0.3729325125,-0.1191323745,0.0120198652,1.1778333292,0.815691951,0
0.1676317162,1.5106480374,0.4089176908,0.3023111104,1.4188483691,1.2849439853,-0.0972216826,0
0.0526668987,0.125105786,0.2646884795,0.5798477417,1.0950956458,1.0296063264,0.9269313398,1
0.0159204574,-0.3098317159,0.6906682998,0.7798262513,1.2678957121,-0.0543326684,1.2573618237,0
-1.0418073601,0.3912252351,-0.0845296575,1.1063596901,0.3725997168,0.8667173476,-0.3432575268,0
0.5395390448,0.0383408358,0.3256748665,0.7898731099,0.3733457894,0.9557597825,-0.1000448846,1
0.2007613918,1.4456285909,1.5944581751,1.7059510946,-0.4059014785,-0.5262246056,0.564019223,1
1.3217038146,1.019632836,-0.0722162477,0.6157520786,0.030822748,0.4298276784,1.3416849024,0
-0.5939250941,-0.1582825312,-0.3513307941,-0.1918198954,-0.4276331291,-0.4242015468,0.4692251713,0
-0.2600620018,-0.0127794156,0.7442489403,1.5922327253,0.12589327,0.962616785,-0.4464845774,1
0.0991918062,1.1602536834,1.8647374429,-0.6898550216,0.7708670983,-0.5493377996,0.2410987685,1
1.4141975658,1.1609362704,0.9071010683,0.349674961,1.8064233498,-0.0521619806,-0.0188754481,1
-0.3674271513,0.6950442658,0.8302626527,1.1161075122,0.5059484047,1.2826365315,0.572872595,1
1.09105781,1.3186174476,-0.0188657133,1.5294129237,1.4328523401,1.4003635593,-0.1564319567,0
-0.3615810501,0.1007005966,0.6046501014,0.1876914732,1.0304382483,0.9923537919,0.8327419393,1
-0.1725882378,1.2540658055,0.7534158378,1.178008027,0.2586552465,0.3567203012,0.7251439784,1
0.0148516563,1.0660093199,1.4491757461,0.0293582655,1.3349073162,0.8481815915,0.9943280955,1
0.6954924284,0.9251843498,0.8404223069,0.5977970258,-0.0891746154,-0.2938995249,0.9613201275,1
-0.1381682121,0.5392655192,-0.3778178151,1.2605809988,1.4475777683,0.4475091056,-0.1093983075,0
0.5784235734,0.7440654804,0.1828254607,1.2724913771,0.56328344,-0.0278023449,1.25358547,1
-0.4477162181,1.3704916054,0.6337458883,0.9416564994,-0.351636791,0.4103187432,1.2119930226,1
0.1336668294,0.1186674094,0.4352517269,1.4121194516,0.7806608787,0.100441517,0.9051406769,0
-0.1391520759,1.0619947197,0.99045931,0.8945082176,0.6241657388,-0.1062277566,0.9468323707,1
0.2524589717,0.4352452641,-0.3139565735,0.7197429421,0.6803280647,0.5179305736,1.5140770939,0
-0.1254784035,1.509893936,0.0739035125,1.7383781274,0.8921068197,1.1089493364,-0.0842793279,0
-0.5056015222,1.0553893477,1.4442318256,0.044627684,1.3353196107,-0.1290676868,-0.2383545665,1
-0.1270410297,1.058132806,0.5829102093,-0.072578247,0.4458115852,-0.011970903,-0.0445173126,1
0.1748348016,1.4730113514,0.9777995582,1.0496374971,-0.5462220812,0.0908366832,0.6348315201,1
-0.1916934731,1.1679993125,1.0912970777,0.3653912392,-0.26796909,-0.1182514772,0.5414347637,1
0.2813446017,0.3534570706,0.7791139601,0.8180366579,0.1333516403,0.9601575144,-0.3491283788,1
0.1057432882,1.3795391935,-0.1832304333,0.0708516969,0.1269217597,0.7015442554,1.0908242636,0
-0.0424479563,0.7839396603,-0.0250860528,1.0182494407,0.7703493336,1.0548229433,-0.396577421,0
0.8185617177,1.5226721797,0.1041733301,0.2216861305,0.5837547319,0.6913353517,-0.1094334147,0
-0.186124679,1.2937223962,0.8326945722,-0.2442041712,1.0785964632,0.2024773959,0.1420108663,1
0.0773938687,0.0374606314,0.3934606643,-0.2132573068,1.0116863414,0.7921933514,0.0185690816,0
0.3416018672,0.9685867633,1.8027624808,0.7860188309,1.785993516,0.162816304,-0.3068932214,1
-0.1184594949,-0.0389900425,1.1064504497,-0.5651328724,0.5961041512,0.7475543397,1.2629411708,1
0.2563107224,0.8513488052,-0.2011435855,0.5036021608,-0.6417492351,1.4630066206,1.0536748829,0
-0.2489564531,0.4559107728,0.9638307771,1.3964867995,0.2344123206,-0.0617313268,1.375288345,1
-0.7210919541,0.7756050291,-0.5565900314,0.0609011921,0.1635593787,1.0386226871,1.3352748474,0
0.1396929187,1.7420255339,-0.4629912215,1.2183749057,0.8564271591,1.301414672,0.0666147237,0
0.2552580164,-0.347595461,1.3894349775,0.6090582175,-0.2095644088,0.8034982149,-0.3111982318,1
-0.2158550263,-0.0743898131,0.300531817,0.0873216642,-0.3351054439,0.0470509123,0.0311279765,0
-0.6355466521,0.3032287296,1.8798222906,1.4950397336,-0.0895573145,1.4195179962,-0.4185775834,1
0.2748608085,1.4033533112,0.8046762216,0.0482600652,0.3393458569,0.8014892953,0.8011898575,0
-0.7566009258,1.7737946455,1.0674452785,-0.0062962513,0.9988463051,0.2842496365,0.0030048038,1
-0.1661681339,0.0803343719,0.633634631,-0.6694064564,1.3119920402,1.1711933531,0.8776990128,1
0.0182965009,-0.8839342553,0.2149924204,-0.2420043205,-0.0512443411,-0.6015845064,-0.7138154271,0
0.1008969386,0.7235259339,1.0446917517,0.6880010445,1.0214712834,-0.1020408608,-0.2540329528,1
0.0094876988,0.5032957513,-0.3044080828,0.2722742249,-0.4326140112,1.5058037795,0.8319095069,0
0.2945069197,0.4258225747,1.5954303816,1.0084966941,0.010457494,0.8835897919,0.4540681656,1
-0.2571985414,-0.552421478,-0.2469387326,0.9821851763,0.6648540591,0.4171617716,1.1463988085,0
0.645105529,0.1381575137,0.763408573,1.4851981007,1.2806911081,0.1764694726,0.5894654918,0
0.268503901,0.9238114302,0.0781122309,1.389112097,0.6051999432,0.9712009166,-0.3600938092,0
-0.1536924178,-0.2661238253,0.4563863087,-0.8528480461,-0.1934679875,0.3921963574,-0.0847956799,0
0.3890513964,0.0469101709,0.7504391164,1.0666641341,0.0985693284,1.4582890997,0.0019889872,1
-0.0189147988,0.4648569339,-0.2186186803,0.6031160361,0.3424107406,-0.1049247212,-0.1751478112,0
0.1912704555,1.1677643192,-0.2563474842,0.3503031665,1.1026908612,0.9043172605,0.2584505594,0
0.1508467707,-0.1823124895,-0.4629465496,1.2965343093,0.960954987,-0.1907524029,1.5736887508,0
0.2346387729,0.4957813194,0.8918933253,0.9917629679,-0.3715456196,1.232167633,-0.9563999369,1
-0.4090776417,-0.5721242638,-0.4728870149,-0.2122539581,0.2172498534,0.5346068506,1.7890479574,0
0.2041201422,1.4503362278,1.4935587104,0.084084925,0.8755414231,-0.0962871972,-0.6138113452,1
-0.0450173696,-0.144314002,0.1607952633,1.5534394746,-0.010712545,0.449412364,-0.3258959164,1
-0.3259660805,1.0146830756,0.8257215993,1.0915441868,1.610731979,-0.1625222904,0.3172950942,0
-0.4028374289,-0.6581653803,-0.2854182475,1.1082651357,0.903034886,-0.145866803,0.58187363,0
-0.4407044649,-0.0223544075,0.1157182956,0.3137077921,0.1546904696,0.383455503,-0.1189313193,0
0.1370008036,0.4075405197,1.2114030514,-0.2904874097,1.4902053806,0.9987107441,0.9382937181,1
0.1324696266,-0.1355972594,2.1474016355,1.1683819127,-0.058938661,0.720730867,-0.5590021946,1
-0.1530529132,0.8638481713,1.2945412391,1.4720212548,0.0645339872,1.6763078104,-0.1261297601,1
0.1816349312,0.4825493262,1.4836567381,0.8361392071,-0.7200535877,0.9957173755,-0.0834976851,1
-0.4097944752,1.085280343,0.0476348998,0.2874414846,0.3757392497,1.5990019989,2.2703207338,0
-0.3310602311,0.7778787581,1.0534928649,0.0913558971,1.0266348163,-0.3239948853,0.0206464129,1
-0.1020859116,0.7698100497,1.1613506976,0.2087849184,0.8917879592,0.3317362904,0.2352285485,1
0.0157925493,1.4496924538,0.634804063,1.1299828481,1.0036014772,0.9153773213,0.4322544832,0
0.5302418012,0.3020406503,-0.1411910001,1.2750790007,1.5708426767,-0.0717312833,0.2585186268,0
0.3557016905,0.2109520753,-0.247801646,0.704300797,0.1693330336,0.0464845396,0.5702214206,0
-0.5023429917,-0.1826822811,0.6199433815,0.0520624956,1.3944005403,1.5127073518,0.4971599566,1
-0.4678363751,0.0600882568,0.0615961722,1.0345988079,0.4078939337,0.6278174761,0.1123727084,1
0.2292764335,0.6219855051,-0.5391198585,1.9730305272,1.2690076642,0.4298013486,-0.5605279577,0
0.1819554654,0.9810575977,0.9852173451,-0.0011484416,0.9480544314,-0.0220144001,0.1669209479,1
0.2588594951,0.2312727234,0.6974814796,1.2157363653,-0.4829884982,-0.6936942527,0.7288705713,1
-1.2169360688,0.724511278,-0.1649233233,-0.6212202603,-0.2276109854,0.096414932,-0.6092494144,0
-0.2357388476,2.1134965348,-0.1879281403,0.81067876,1.4515789278,1.4238816642,0.5969590054,0
0.1123122932,0.0511927885,1.2956874914,0.8267849165,0.0153324367,0.7517247662,0.1909077502,1
-0.272560714,-0.1027208303,0.5792774167,1.1012967103,0.2426809799,1.5318939238,-0.5470025705,1
0.258838656,-0.1982308742,0.9192225001,0.9181095334,-0.0907698104,1.2714024323,0.0320575244,1
-0.8609663032,1.3717256251,1.5249327356,0.9661064206,-0.0662099921,-0.3590694771,0.5063799212,1
0.0056013831,0.7345244066,1.2309481014,0.0721781608,1.7926903093,1.2632388419,0.6682288954,1
-1.09914545,-0.07518156,-0.0225315122,0.5524240722,1.3258865345,0.0109471463,0.8100954275,0
-0.1335273101,0.719124911,-0.0447767991,0.818518187,0.8621711649,0.6274024071,0.3092263095,0
-1.0056586651,0.7007052332,1.3973623841,0.9935417521,-0.6278504024,0.2831247191,1.1160863379,1
-0.0271884497,0.6351778042,-0.1096369469,1.1801341517,0.79632799,-0.0978548349,0.5202912927,0
-0.7989680566,0.0138597063,1.3853091153,0.1918293135,0.6336003425,0.793081539,0.1895123602,1
-0.3977195926,1.3958726569,1.1033309448,0.8830787795,-0.0445572322,-0.322613048,1.5085819956,1
0.2258782566,0.2294739252,-0.2793276143,-0.6310497075,0.3108405056,0.5360635486,0.0422986386,0
0.0228951387,-0.2442574496,-0.1533179612,0.371459881,1.1817671615,0.1239077837,1.2270077025,0
0.8139345574,0.8002236035,1.2862302708,1.6634198086,0.3250233253,0.725990149,1.0765920424,1
0.6257359082,1.0303847748,0.0625627544,1.035169044,0.4488878276,0.5653236273,1.2804453216,0
-0.2872107931,0.57264349,0.7477637088,1.0326665683,-0.5121901726,-0.5872757154,0.6672778559,1
0.3554170948,-0.3631658015,-0.1580128241,0.9899368827,1.5372331145,-0.516848463,0.8684148703,0
-0.1582650049,0.3727414195,1.4457989932,1.351932335,0.8503518921,1.5983258043,-0.5016036533,1
-0.1286520464,1.2417053877,0.7403570952,0.2877086646,-0.6640157895,0.2483797016,0.6447012208,1
0.1200012879,0.8777786423,0.5839515153,-0.1279719545,1.0810948549,0.4867013044,0.1027133437,1
0.0274518861,1.141295035,1.4255979124,1.0953281872,0.5752400246,-0.208971166,1.2389241275,1
-0.0122336335,-0.3957939351,-0.7254030784,0.3102995169,-0.5980703271,-0.1437253498,-0.672917391,0
0.0151765567,-0.2885463234,1.2973891231,0.430388211,0.0024295811,0.9769759092,0.0532540952,1
0.0226207113,0.2636605298,0.1545510985,1.2487585166,0.7347601645,0.9429985156,0.7639907977,0
-0.0164837149,1.182964448,0.5189740637,-0.0258316169,0.0597585288,1.380052075,1.3105268469,0
-0.2487048391,0.9636183486,0.3779021292,-0.5204088686,0.9998798486,0.0910927853,0.5929365267,1
0.0931538154,0.1733488982,1.6175374945,-0.5377732585,1.6014612657,0.6083256742,1.4573283768,1
-0.0586736073,0.0067432861,1.4047121887,0.6916272101,-0.3225404006,1.6503970544,0.2384380693,1
-0.2298885254,0.9877314546,0.5440661679,-0.8285096015,0.2151361207,1.2976688189,0.6472161033,0
-0.545211265,0.6455545632,0.2066957014,0.9531545264,0.1454131886,1.310587888,0.154632124,0
0.281239018,1.5525670962,0.9262013192,-0.2778158625,0.6957141559,-1.134243335,-0.4844360515,1
0.4262985629,0.5769970394,-0.0177751562,1.2533835861,0.95159785,1.0251882035,0.2036375428,0
-0.0813710206,1.5379061543,0.2451305378,0.2367457735,0.7338396641,-0.3645457246,-0.1278395232,1
0.0371359343,0.977044991,1.6491354062,0.7031665699,-0.4593282139,0.2271032309,1.4093074729,1
-0.2138571937,-0.0065361758,1.0955092017,0.8598091327,-0.3674014633,0.9771026937,0.3023422502,1
-0.0881335725,-0.0161964234,-0.044105374,0.1601427868,0.0191207147,0.1093042095,0.2824030515,0
0.4259736783,0.8264769299,1.322107325,0.028480211,1.2089638831,-0.5376348354,0.0778471066,1
0.1406568634,1.1152468295,-0.2583984491,0.6801432093,0.7361545,0.7830685924,-0.3751946219,0
0.5470531534,0.1224214065,-0.488648136,1.0554974659,0.6327359808,0.5331356933,0.8041685042,0
-0.0907821792,1.5000479109,-0.4029407292,0.6906787256,1.2217670116,1.4434173901,0.0130289294,0
-0.2347359594,0.2569867458,0.9897884912,0.7071688872,0.8163007266,0.9064460645,0.4702826831,1
0.2378568608,0.7925224744,-0.3764742774,1.1906529432,0.8809449015,0.8244285846,-0.4606997616,0
-0.8922598409,1.0807723368,0.7173100944,0.2662815588,0.8950110304,0.0955278507,0.2858316412,1
-0.2112820375,1.2081678571,0.7353546215,0.8729398576,-0.3753338708,-0.4859436054,1.1416394015,1
-0.5070190609,0.7426298322,0.7859670312,-0.61454373,1.3640929422,0.2719678047,-0.2417317529,1
0.2810458154,0.9386357513,0.0123344456,-0.8829320991,0.9924025028,-0.3214241521,-0.6389181776,1
0.0242977354,0.1324280644,-0.109530911,1.5379380699,1.1199413093,0.1288936483,0.7107170498,0
0.2362024169,0.9192117954,1.0958028572,0.7278692043,-0.2668891445,0.5780233441,0.2720575812,1
-0.2802821293,-0.54423755,-0.2282663774,0.7798021013,0.1055916811,0.5381040715,1.0564281232,0
-0.1180411983,1.292403625,0.3706144394,1.052173189,-0.5503513549,-0.2843808826,1.7744216088,1
0.4076533983,0.4903558603,1.095608031,1.0771744555,-0.2794535179,-0.1669484923,1.8711856751,1
0.166152808,0.5546614934,0.1243716106,1.1592933232,0.9907182841,1.1058196927,-0.3060410542,0
-0.2302392656,1.2925577487,0.9251684887,2.028136885,0.4926545706,-0.2889784961,0.5779424593,1
0.1804970645,0.5335499115,0.0203040278,-0.2203575193,0.1924080589,0.7991549309,1.0229648211,0
0.6839197715,0.6234561286,-0.0178295473,1.1877790998,0.1232994575,1.9596541547,-0.2255392363,1
0.0105515731,0.7766518852,0.9304864217,0.9431351653,1.0675801537,0.5776904999,0.0734379937,0
-0.331166032,0.6964416461,-0.5479483028,0.6504857317,0.4562077922,1.7712702214,0.8020454828,0
-0.8798013225,0.2698055424,-0.5373961763,0.1110502549,0.3076409601,0.0653601581,-0.6464381242,0
-0.5323817863,-0.2053871847,0.6211575887,0.0339075629,0.4918838322,0.8849851211,1.2916602188,1
-0.8971867069,0.0679761693,0.0332831697,1.133692244,0.9782333393,0.3113082369,1.0235971326,0
0.4047804387,0.3366767995,0.0309805764,-0.7400317595,0.1978691388,1.1332652761,0.5284374063,0
0.3249873725,0.7705360404,-0.2045700627,1.0614473318,0.4435205815,0.6684201167,-0.5642490296,0
0.5055897797,0.7273824419,0.2775474122,0.484082086,1.4109789455,1.0456631379,0.0309193037,0
0.1782934636,-0.245834094,1.3183050568,0.9886238064,-0.3720258529,0.7752418118,-0.081305433,1
-0.1271375099,0.0082702546,0.8929442214,1.3016732354,-0.0882668593,1.8907859325,0.1431766649,1
-0.218328092,0.6674163162,1.1687489738,1.2554423305,-0.4513691873,0.0485895439,0.7587193941,1
-0.3396263362,0.7065820122,0.4896419164,0.8379700909,1.3580945058,0.7536595491,-0.6665343522,0
-0.2978803529,1.5796707223,0.0431242764,0.242464454,-0.1103770121,0.8109946275,0.8233369178,0
1.0340439001,0.2106349452,0.7832193427,0.8652888357,-0.2858223755,0.1817466566,0.0181888396,1
-0.3070862246,0.4958264751,1.3505428741,0.3899804218,0.7358487531,-0.3923318165,0.5031617192,1
0.0898084787,1.0142984378,0.4830811853,0.1684116004,0.5280546284,0.4432887748,-0.265829352,1
0.3540737499,-0.1315167391,-0.3472853996,1.0195793208,0.4776619166,0.5650532007,0.9065939289,0
0.0723261332,-0.7306067998,1.5654523503,0.7690323312,-0.424976401,1.7370703232,0.3789136147,1
0.4705570983,1.2297505592,1.1483882044,1.4768728806,0.1978462025,-0.5456571929,0.7531119992,1
-0.0297696207,0.1180590091,1.1892725507,0.1534947399,0.7330901521,1.1393617563,1.1527623901,1
0.2243271849,0.8347188961,0.6555055928,1.5424758629,0.3279280433,0.2974696277,1.7349766368,1
0.5774522501,0.7054738362,-1.095871811,0.6463719077,1.2880704051,0.6288036995,0.1757697742,0
-0.1831723241,0.3428502094,1.0726150681,0.3732775324,-0.3494294281,-0.0453611691,1.7768061764,1
-0.5378793384,1.0475554506,-0.214772049,0.7517684722,-0.0939591736,1.4207646473,0.781357437,0
-0.3720006313,-0.4118719327,-0.7650360464,-0.0750529798,-0.2339662092,-0.6678592806,0.1543541118,0
-0.6683430976,-0.0838891246,1.6390876997,0.7132007419,0.8743237272,0.8059838937,0.3284003007,1
0.0802153282,0.9205243284,0.2530510466,0.7266526081,2.0846806327,0.5113345151,-0.786479547,0
0.3030605409,-0.0403932809,0.4605468313,0.2752780299,1.2186444098,1.2473682806,0.1417077406,1
-0.7687144371,-0.1720229816,-0.5997811717,1.4810831892,1.1441725319,-0.1609233204,1.348190589,0
0.0474883621,-0.4950914864,0.8575523211,-0.5941208623,0.3165943176,1.5433166547,1.0755103933,1
0.4810073116,-0.2007654124,0.1500070852,0.1731113599,1.0153901213,0.8249554256,0.6557932677,1
-0.7755307382,1.0495489298,-0.356103666,0.2349366581,0.0374344646,0.4046735193,1.5668768903,0
-0.4288375803,0.2335208594,0.1415620651,-0.5622919342,-0.3608513772,0.6928994899,0.3273072875,0
0.2204791202,0.3149644681,0.2437553305,0.4756721422,-0.3151582628,0.275436209,0.0704789437,0
0.1600127625,0.0424505999,-0.3340432592,0.7267160104,1.6724077435,0.1557741425,1.3796946007,0
0.0775212814,-0.707526141,-0.192793777,-0.0603774177,-0.3787470226,-0.6127194668,-0.1413107226,0
0.5050502519,0.1405723936,-0.2776415442,0.9086840357,-0.4542379068,0.2529472987,0.0833288463,0
-0.0788789012,0.9853614574,0.695406313,1.1538455498,0.0865591428,-0.9166901909,1.3261972924,1
0.0117488057,-0.3106664296,1.0744238391,0.8055387754,0.3557304681,0.578010108,0.5680399349,1
0.0058258893,-0.232769328,-0.3316846072,1.5939298412,0.4926973831,0.0755633367,1.7041783719,0
-0.2387760903,0.3291230844,0.1822136691,1.2381826618,0.8955188069,0.2342338847,0.9109060761,0
0.0583210942,0.7311454799,0.0597390587,-0.0445505899,0.574995766,0.5593499514,1.3026351857,0
0.4950623681,-0.2333028384,0.1902278809,0.0559866263,0.3541452966,-0.0625525487,0.2983108262,0
-0.0018320232,0.5993333459,1.3233330042,0.0477226267,0.495712504,0.1533874246,0.1375237223,1
0.3134726969,-0.0511925273,-0.4667523993,0.1301811444,-0.6311217751,-0.1453001397,-0.0607328941,0
-0.4001267335,-0.102518487,-0.5518815265,1.6534995193,1.2001454646,0.221521247,0.8919160439,0
-0.4253729693,-0.5995245059,0.9627604872,-0.0662000387,0.2873041374,0.2043055474,-0.2234453677,0
0.0937667274,1.7870205019,0.4583818592,0.751581915,1.5751219633,1.357625092,0.1214294264,0
0.4039983102,0.6509810507,0.6382088017,0.0955951493,1.332793019,-0.142379171,-0.1410583509,1
-0.0460084831,1.4027594481,-0.0525363056,0.8529000819,0.5741014927,0.4276792821,0.1520475584,0
-0.1358386728,0.446595388,0.240271047,1.2263080811,0.7310577775,0.3685049904,-0.0919352697,1
-0.8699352022,-0.3398701559,1.6159017226,1.2194017481,0.5932183804,1.1278787356,-0.1860793365,1
0.0080727164,-0.0027148472,0.7953895704,1.0188762888,-0.2012920555,1.1085265517,-0.2711967592,1
0.0617679172,1.5221465306,-0.5648268764,0.7230591979,1.4948878316,1.1192224923,-0.2862533623,0
0.4461506514,1.6949875591,1.087322095,-0.5934393161,1.21608873,-0.2154491297,-0.5424474081,1
0.2789185505,0.1928324549,1.4225187758,1.401343011,0.6020708792,0.6477676074,-0.7434666521,1
-0.0123703958,1.3992462167,0.1001363549,1.0543699139,0.9143547689,1.1167913544,-0.1711308287,0
-0.296040695,0.0356797403,1.0556494135,0.7900672436,0.1047241668,-0.2574062814,2.2859188698,1
0.3253306276,0.3519001637,-0.3795437637,-0.7300736058,-0.1329708106,-0.2761179959,0.6596499657,0
0.5943916145,1.2001673256,1.7684006925,1.6061349977,0.0965943434,-0.4971995789,0.9929640744,1
0.0736982619,1.5591705196,0.4728845094,1.1493347527,-0.4926637808,0.1705068406,1.3344641085,1
-0.1239394578,1.1558798126,0.7720325439,-0.3429866939,0.5985777997,0.1444043164,0.5780003097,1
-0.1442258219,-0.4295789338,-0.9539443932,0.0127901289,-0.7146003596,-0.2773588807,0.6198043376,0
0.094416939,0.3438423153,0.9325750541,1.2211511251,0.4554521621,0.4839047717,0.4562590143,1
-0.3123835217,1.3222072051,1.7399193935,0.8896617206,-0.4074127427,0.2784967365,0.6270759611,1
0.0140003279,0.0060208874,0.3006880192,-0.1107332077,0.0588558511,-0.0425370922,-0.4431402285,0
0.1502836865,1.37818457,1.7603195629,-0.1480124764,1.6421329627,-0.0101475248,0.3354001211,1
0.2564217446,0.1532187437,0.9132522019,1.6576817441,1.4166668607,-0.2729628634,0.9115971806,0
-0.5038674116,-0.4536620014,0.4044188851,-0.0413812522,-0.2740633263,-0.072985612,0.0976214956,0
-0.1826443926,1.1480372449,0.563045239,1.3027363666,1.5307243358,1.0312833573,0.0616884422,0
0.3872804308,1.4633173578,0.5214821183,-0.3723763598,0.2199793682,1.3533503519,1.1093066045,0
-0.0751724268,0.2552295442,0.8441125573,1.4238116336,-0.2234915229,0.9330906383,0.3831259162,1
0.0961004397,0.0029961193,-0.322749442,0.7007971477,1.5631427805,-0.2036903071,1.2725861888,0
-0.4145512087,0.2119091996,0.4195877529,0.8181621638,1.2328356151,-0.3689391711,1.5035369048,0
-0.1623433964,1.4886400518,1.4662553422,0.8336738575,0.7167988839,-0.1256664504,1.621987878,1
0.0340376651,1.4358130378,0.9410218009,0.7167206952,-0.1467151246,-0.3363755333,1.3492021731,1
0.0137001294,0.3784991213,1.0229918496,1.190083355,-0.2708422646,1.2728501952,0.3861586202,1
-0.3581159489,-0.4018814661,0.7398681744,-0.2723795523,1.1134014348,0.7984558881,1.8637756714,1
0.3889044969,0.1154007848,-0.1942555227,0.3003426152,0.7491022986,-0.3011856468,0.9952813524,0
-0.0460811098,0.3326994907,0.9722212064,-0.2279586636,1.012258762,0.0749873848,0.1121432829,1
-0.0861490363,0.053918245,1.3368116383,-0.5612127197,1.0123156792,0.7508616758,0.8079082293,1
0.2460073013,-0.2939138231,0.8643128701,0.1783102928,1.5659731781,0.3528924355,1.4320005098,1
0.2757151731,0.9607093522,-0.4600914385,0.2112877452,1.1024587116,0.1992044149,-0.8769661191,0
-0.0116391354,0.2394882865,0.2122527515,0.598214542,0.9087167761,1.1581830137,0.0682726215,0
-0.2803226732,1.0285734891,0.4191835878,-0.5711102418,1.2450138541,-0.2254804902,0.1722766766,1
0.1638102417,-0.297868846,0.598626463,1.2064112375,1.0655578076,0.4736302483,1.1501862504,0
-0.3227979823,0.9223183937,1.2024707405,1.3308710835,0.5625140141,0.2303140504,0.4441841508,1
-0.0102292273,0.1661222564,0.5639002496,-0.5440748777,0.7890429342,1.6509906989,1.290383711,1
-0.1141357932,-0.2283465988,0.2092807147,1.0801110037,1.4066820505,-0.1055397901,1.0483076021,0
0.0048882866,-0.6628321506,-0.3821912969,-0.3963479858,0.1700831476,0.118327213,-0.4155030898,0
-0.105228219,0.2899794984,0.913290964,-0.0941951687,0.8703531033,1.5309391601,0.4653496342,1
-0.258053826,0.1388985217,1.1471435858,0.2752093493,-0.3605989932,0.2244626664,-0.1936710291,1
-0.0870153854,1.2206979736,-0.1431105766,-0.2675067048,0.2583849591,0.9992504157,1.0383194827,0
-0.4910414456,1.7433378542,0.2029731681,0.9010774615,1.6796654094,1.0505668085,-0.0214569213,0
0.6032816275,0.8780404797,0.2933963103,1.231461548,0.5073618369,0.9541014561,0.159432617,0
-0.1949958763,0.7357814128,0.8303370793,0.5826349628,-0.0778957903,-0.2052202947,0.459870552,1
0.0828932103,-0.0376854394,0.0953821038,0.3948839431,0.7838025512,0.6218946261,2.0640107416,0
0.2755635584,1.2005094679,0.0959944776,1.3293228262,0.8088709077,0.823221927,-0.1150230941,0
-0.2744781981,0.4283988144,1.048302781,0.204716586,0.3777809328,-0.3851751117,0.1837306981,1
0.1963287069,0.3221926587,1.0051421162,0.6339743467,1.1583897189,1.7732440707,1.0413003107,1
0.1937599624,0.9358443387,-0.1995175385,0.5398343862,0.8848370834,0.7722104974,-0.0926984533,0
-0.5139172814,0.6836021098,0.6952247392,1.1355643231,1.147853946,0.9540146217,-0.5605324662,0
0.2862202601,0.7444682784,0.3766996873,0.1072197643,0.8319070298,0.1769263262,-0.1047283604,1
0.5904454475,1.4678391395,1.2565571295,0.1499231516,1.1313616329,0.0820207165,-0.0149998673,1
0.2087529814,-0.0137656741,1.6825108532,1.6207296993,0.6880913614,0.163794498,-0.0508036608,1
-0.5586140203,1.4303276085,1.6154293372,0.7479115856,0.5842523989,-0.4858565074,0.847992057,1
0.0483066097,-0.4619313994,0.6654668637,-0.4108092034,1.0131036578,2.0706556029,1.1076790969,1
0.8469797598,1.3680088029,0.9637149626,-0.284083911,0.790115098,0.4069960779,-0.0902191649,1
0.5599494814,1.6824995517,-0.5251305138,0.4644328063,0.2738963164,1.6867802804,0.3375204016,0
-0.0140244879,1.2423032683,1.4485520582,0.2629728609,1.3409894278,0.4460369888,0.1397829716,1
0.0189038045,1.0342419826,0.6797942343,-0.4595511273,1.0310763232,-0.2287167848,0.503570081,1
0.3064291467,1.7389882154,1.0071370399,-0.0795148366,0.838244175,-0.3643630303,-0.1799767109,1
-0.3758150733,-0.0587053725,1.2127406352,1.2431144657,0.0044970558,0.4805060193,-0.2537106012,1
-0.0117403254,0.1503400091,0.4658373232,1.1017079955,1.3225627809,-0.0265338659,0.9847061998,0
-0.5396308355,-0.1479314157,0.1660374922,0.1178391962,-0.7030839341,0.34752001,-0.6914307172,0
0.0410165954,0.3993196921,1.0414904536,0.0411585545,0.7916437395,1.4811775847,1.1681054894,1
0.4191164472,0.4585590554,-0.0122329034,-0.0815314761,0.0403828803,-0.1255519954,-0.5169117514,0
0.5758294184,-0.5911914495,1.8996167487,1.0057577031,0.2636796832,1.1684311737,0.3682623348,1
0.0181576573,0.979318336,1.3546952177,-0.1136217515,1.2924989369,0.6642542364,-0.0698908597,1
-0.4237583737,0.9132710149,0.9607607213,0.6315727076,1.3937108722,1.642664304,-0.4279713619,0
0.0078394466,0.3864541913,-0.0554275104,0.7516032569,1.0978349457,1.2418279254,0.0189161403,0
0.6779353962,1.0833242357,0.4950977383,1.3950678867,0.2328027856,-0.0830036981,0.2774899466,1
-0.151546927,0.6119695175,-0.1423179877,0.4667693143,-0.7447894372,1.2613311082,0.8711276148,0
0.0175501403,0.7471328003,-0.246070247,0.8953806937,0.6252361193,1.1302703806,-0.0800955338,0
-0.0110900251,1.3918613507,-0.2596389239,0.7962565414,1.7106121455,1.6495155698,-0.7223908667,0
0.3090280502,1.6177336829,0.1735012672,0.2949009731,0.4444616573,1.257634157,1.0442654998,0
0.0760496789,0.6749449349,0.9247049248,-0.3048986105,0.8246690859,0.304425341,-0.6519186263,1
-0.1995139569,0.2086809015,0.7754994376,1.3422948698,0.3441441557,1.3166776581,0.2129740438,1
0.1753174749,1.4582036052,0.8673877585,-0.0679381373,0.4684769232,-0.3966102683,0.1058782615,1
0.5076466548,1.1396375462,0.784374537,-0.9717805761,0.2102563947,0.116456379,0.1775566784,1
0.6436011599,0.3104818536,-0.9060996351,-0.309581741,0.5223202316,0.4063006478,0.7089262228,0
0.0600444294,1.273785399,0.5308283218,-0.0903918004,0.0491330842,1.1978462126,1.5863479583,0
-0.5673009285,0.2218265063,1.7330347831,1.6978120042,-0.0325121524,0.8285725972,0.2068642288,1
0.1254931987,1.4216820559,0.2867807127,0.0481671246,0.3864157308,1.2436312965,0.4172609481,0
-0.9343072055,0.3103190917,0.78448811,1.2513893006,0.3414196373,0.414939694,-0.2335918749,1
-0.2889446821,-0.1880436945,1.4879006235,1.1596259759,-0.6574461096,1.4248048162,0.0941340456,1
0.1041399233,0.4623278251,0.1151989025,0.6258867425,0.960476075,0.2045992351,0.3947544194,0
-0.2899388201,-0.5123394267,1.3883793611,0.1803866064,0.8812976282,1.265245257,1.0281574367,1
0.2582677524,0.8676026405,1.2525615435,0.2583570729,0.8083689966,-0.1688274388,0.3910759313,1
0.2604906427,0.5918388531,-0.5995811356,0.778555645,1.3874883053,-0.241715589,0.7280465411,0
0.0510249763,0.8191861979,0.4182995821,-0.2041935615,0.0876053056,1.1213445379,1.1933367414,0
-0.2666686364,-0.2815830098,-0.2086297314,-0.0879617278,0.250260676,-0.0854754424,0.2547044088,0
-0.3887844446,1.5680438475,-1.0333120314,0.6505111621,0.4698808164,1.3064579414,0.3557304307,0
0.0001029746,0.7741939749,0.2535602017,0.6940433369,0.7920498617,0.6966177474,0.4593576047,0
-0.2399665339,1.4042413498,0.6943091541,1.1565333923,0.0720545972,0.7382429767,1.0123368987,1
-0.0010551987,0.7126795416,1.1885124883,-0.2498935167,1.6015844434,-0.5844556457,-0.0293990076,1
-0.4726981901,0.2443885122,0.0420299265,0.3489027854,-0.1315438018,0.366749917,0.1844979787,0
0.1071277085,0.1337100382,1.4207992617,0.7206886561,-0.063413534,1.0708333716,0.3330304346,1
-0.0582193505,0.1125655888,0.0224125001,-0.084133665,0.1337581452,-0.141764048,-0.5286478134,0
-0.2207291282,0.9766363534,0.1962482388,1.349784132,-0.1997161673,0.0487002378,0.7380865533,1
-0.5359533723,0.0920030167,0.9642124336,0.911029155,-0.22356765,0.3400829,-0.0078855483,1
0.2410018924,1.1684613056,1.1211752334,1.0180964895,-0.0849324152,-0.089072144,1.2357381638,1
0.0878702939,0.8373355991,-0.2600302479,0.094003677,-0.5058494447,0.9507881145,0.9189125656,0
-0.1851284566,0.6516606927,0.1633667044,0.4755298712,0.2655835417,0.7685459438,1.6272415185,0
0.2198823395,-0.1836778645,0.6857966712,1.5362193923,0.0876381469,0.7033365219,0.0869558452,1
-0.3301472937,0.7896697957,1.1783888411,0.2141141429,-0.0949754927,-0.185917104,0.13862484,1
-0.1663501703,-0.5915045511,-0.7134215709,0.093828791,-0.0966279132,-0.0183960711,0.0079759524,0
0.2070241195,0.1598878024,0.4485437863,-0.4552132286,0.1941968784,0.3076995773,0.295183249,0
-0.0432103751,1.0045388461,1.0656244396,-0.512692648,1.2597942072,0.346080571,0.7147268899,1
0.012130361,1.1285741867,-0.6394725744,0.6038936623,0.6953914178,1.0399544731,-0.1705809041,0
-0.2602838563,-0.1034718723,1.5852548312,-0.4547075635,0.8380717216,0.6163853237,1.0055381446,1
0.2064657043,0.552610852,-0.2806230969,0.9830581864,1.1060277789,-0.348437735,1.6910418604,0
0.2195587153,1.5693386967,0.3898748269,0.1543451573,1.1909536577,-0.0888946268,0.2188545719,1
0.1272514436,0.1421126733,0.2868666327,0.9039241267,0.5520864523,0.9178207243,1.1618525467,1
-0.7270514442,0.4189125449,0.9883997456,0.5609658196,0.8870229158,0.2949823164,-0.1934946188,1
0.354559922,1.1855351949,0.3966338596,0.6313749034,0.7920274106,-0.1662954805,-0.1363498388,1
-0.5050395659,0.1373694737,0.4770017622,0.7409716985,-0.0770419437,0.869595966,0.5266456825,1
0.1052165819,-0.325246559,1.2358687907,-0.1679292114,1.0769884427,1.173947097,1.340783111,1
0.2330095355,0.5243412985,0.1561454182,-0.1112721429,-0.1140371484,0.597133411,0.9472624964,0
0.4389641636,1.0700559239,1.3503741809,0.4211151678,0.2077276543,0.0612169096,1.0058468419,1
0.5538389407,1.0791109974,0.8810676406,1.5401430605,0.1249641513,-0.0865024738,1.313541471,1
0.3926538864,-0.0889195242,1.831886646,-0.2263876785,1.1656397682,1.0293232606,0.8588253093,1
-0.6890154454,0.0872502719,1.2668459932,0.0202529873,1.0047780853,1.3646546713,0.8970550975,1
-0.1344569584,0.6052980485,-0.1232555078,1.1471329792,1.2087668192,0.4560058378,0.3879948466,0
0.173169568,0.6952505621,-0.1623973824,1.3840811459,0.9382219833,-0.201304915,1.2810606114,0
0.7979028993,1.1857002517,1.553247162,0.8697411783,-0.0838821789,0.3854515185,1.0759678362,1
0.2004267914,0.4239987806,0.5048462646,-0.0288817718,1.6723622801,1.2569176798,0.778330355,1
0.2377581924,0.2196170413,-0.1737669798,-0.7592262953,-0.0814218639,0.7188851572,0.9684827526,0
-0.3642620452,0.0724164297,0.9442449906,0.6397682682,1.2333134598,0.4206072121,0.3243123252,0
0.0012227363,0.6476129997,0.4033624031,0.5531043689,-0.2572872741,0.1516046522,0.0959704197,1
0.5687522309,0.0345867444,-0.3317583336,1.5339592035,0.9977849521,0.8784540943,0.8923237453,0
0.0823854165,1.2668241652,0.7668708174,0.7378539237,0.2755200363,0.4386109426,1.2127452991,1
-0.1401118978,0.9712844424,0.3451394274,1.3945553418,1.086104225,1.00873163,-0.7673335758,0
-0.0487193675,-0.4568870562,0.1920829819,0.2699738793,0.0942542072,-0.491292143,0.2582876285,0
0.2823493449,0.1286883701,-0.4555137693,0.2849163303,0.1398996091,0.7432743669,0.7678129055,0
0.6588178855,-0.0347891311,-0.0465251157,0.138455447,-0.3978791572,0.6111659496,0.3502969574,0
0.7732508634,0.2782393469,-0.1297424887,0.9600622531,0.8502103881,1.0439962212,0.0091305671,0
0.1963319642,-0.3959332606,1.073214877,0.1196163779,1.3340304596,1.3726381061,0.8553004864,1
-0.0085988255,-0.3919843597,1.0632246149,0.192858608,0.7362334421,2.3654507638,0.7493768112,1
0.840728014,-0.100612194,-0.1538229506,0.1814876168,0.5230854597,-0.1945326364,0.2968869646,0
0.241963486,0.4856282375,0.3875287631,0.9019772335,0.5542807082,1.1383834882,-0.0085644105,1
0.3841730735,0.3347553567,-0.7786312055,0.0056970456,-0.1266239015,0.1069267441,-0.4069091986,0
-0.0232241813,-0.1815249294,1.3254966233,-0.0933922657,1.2006249593,1.050113578,0.8075783393,1
-0.3279716878,0.0260264025,0.302292277,-0.0697839892,-0.4168670144,0.1068107595,0.7558099365,0
0.3494533583,1.2398279753,0.1464864947,0.1098902943,-0.3851593164,0.9042356059,0.816045305,0
-0.2265874465,0.9234308393,0.0205094011,0.2784716231,-0.9333183559,0.9448942215,0.8884617916,0
0.2360011768,0.1279229504,0.0723489762,-0.2420347358,-0.4624335331,1.3022664377,1.6633011558,0
-0.0096035998,0.7867207924,0.3705653814,-0.2193688167,0.2329879403,1.3957834846,0.8313604579,0
0.2277031007,-0.2722928259,1.0421959791,-0.1765384576,0.8197081561,0.6017228909,1.2999068435,1
0.4366290941,1.0774567514,0.8783087266,1.3183162957,0.0253871832,0.0103657366,1.530998798,1
0.23037906,0.6332889361,0.9634935395,1.0226417215,0.5703060977,-0.0450481155,0.8133262198,1
0.421255784,0.5806325088,0.8064082189,0.415659628,1.4985472302,0.9495691074,0.8140330285,1
-0.9459534967,-0.264622695,0.6701519795,0.5638950215,1.0590597309,0.4648805339,1.0314744274,0
-0.0108782417,0.1161389008,-0.2553096873,0.1649921279,0.1939417911,0.314618605,-0.4258104633,0
0.2726130214,-0.0565712665,1.3200032809,1.1527098089,-0.0598473084,1.0670732559,0.4059371452,1
-0.5986003139,-0.0798967962,-0.2260058516,0.250968284,-0.2692241071,0.1559677852,-0.5548914059,0
-0.18237054,-0.1926700426,0.066500152,-0.5605681533,0.2449175855,0.1039902427,-0.1561481511,0
-0.2361858206,-0.2997234722,-0.4222651258,0.7300994871,1.787142999,0.2134005555,0.5747532935,0
-0.4271480137,0.4476340437,0.3993888587,1.6222425329,-0.010416405,1.3719129866,-0.07085863,1
0.0998555733,0.7638711835,0.0214374261,0.2135482982,-0.1613703408,1.642918984,1.1212948595,0
0.0318143106,0.9356634672,1.6626348758,-0.0030420921,0.8859916853,-0.3898313244,0.1325120904,1
-0.2322485454,1.1761808145,-0.3076196878,1.0160474409,0.5475385613,1.3684440599,0.4363978284,0
-0.2803170187,0.4949214755,1.0637442182,0.6907179724,-0.8678314967,1.3982369089,0.0169366419,1
-0.3532534675,-0.4362814816,1.7916003921,0.0088834212,0.9489140325,1.8301668197,0.815624541,1
-0.3793685249,1.3073651044,0.245603358,0.1818006246,-0.3058520898,1.1983286592,1.0896327253,0
-0.017814146,-0.4320367886,0.6632569034,0.228654736,0.2717790774,0.4809604512,0.2205459315,0
0.4741689581,-0.6384238978,0.283804701,0.2809807465,-0.4204644929,-0.3542476517,0.1684262598,0
-0.4480972107,1.0155542061,-0.0823843605,1.0245838912,1.0850396029,1.7430580621,0.1161590661,0
-0.2002121186,1.2352328103,0.5295780469,-0.0254384427,0.8282967555,0.3701062453,0.2261680596,1
0.6822998053,0.9611550886,1.1096966419,0.6323377363,0.2405565486,-0.4878227149,0.3295102312,1
-0.1768859999,1.6726013786,0.3544622881,0.0222042245,1.1942365493,-0.2292102979,0.0828469727,1
0.1060263467,0.2159681091,0.0502534799,1.4505217235,0.6481877639,0.2727017876,1.4136991291,0
0.0875676443,-0.4776439411,0.0332374605,-0.2549340042,0.2721468972,-0.1638200568,-0.1732553378,0
-0.216892576,1.2266897155,-0.0386653318,0.8690465133,1.2635051795,1.1438796093,0.2010939855,0
0.0929931571,1.2844445441,0.8051376799,1.1350336939,-0.4564359466,0.0903552709,1.6510022632,1
-0.213227108,1.216598714,1.2917503258,-0.166338743,1.1028033531,-0.0590713021,0.2630534634,1
0.337136092,0.4785265109,0.1257211066,-0.5129303474,0.0582930828,0.4440054111,-0.149213366,0
-0.3732347452,1.0224569802,0.859608102,0.04823832,1.5860515619,0.6290647709,-0.0434444807,1
-0.1823369863,0.0657410272,1.2554867614,0.3120302748,1.1633433252,1.4959422364,1.1597093813,1
-0.3443326965,1.0211891211,-0.4901460182,0.7029162089,0.9801698039,0.5658509717,0.0232096181,0
0.130309798,0.8847625928,0.3749595082,-0.0631888903,0.3826248865,1.7280808196,0.4452129095,0
-0.2584618523,0.7562640954,0.8914820676,-0.6172314956,1.3097555347,1.6486860148,1.3062384784,1
-0.0218260823,1.58060661,-0.0601305022,-0.5894474396,0.1839239448,0.7774129251,0.9748392642,0
-0.0791124182,0.8777243588,1.0970051071,0.7265316327,-0.0180566131,-0.1745560807,0.8785979376,1
0.7229602537,1.1682969695,0.164210954,-0.200927971,0.5510418641,0.4982952543,1.3230620981,0
0.51355359,-0.277647829,0.0035212597,0.6579865176,0.7893487611,-0.3059238739,1.2866608199,0
-0.0552407677,-0.003004802,1.0214628371,0.0207446889,0.8865417783,0.8169847058,1.1665350968,1
0.1970774369,-0.0189167294,1.2599351493,0.3041919777,1.1337950232,0.6320705123,1.5192831817,1
0.4091184645,1.2809974825,0.2440179092,0.063580795,1.6821950254,1.2848303135,0.228499501,0
0.1743679083,1.0917078809,0.1043494609,1.2783005212,1.1566360031,1.0563579512,-0.0765168403,0
0.21390513,-0.1518464349,1.0117659355,0.9562740061,-0.4468725261,0.4117565461,-0.080618259,1
0.6144022208,0.7468111001,0.2828843953,-0.7202438399,0.9557164478,-1.0278109546,0.4103459284,1
-0.2832684688,1.16709588,-0.0802531082,1.1624482325,0.2085898155,1.2761490392,0.9539867828,0
0.1377469827,0.673995944,0.9346666919,0.7245720167,-0.2414875206,-0.2645913531,1.1461968514,1
-0.3199205952,-0.021987951,0.2018701687,0.6946308983,0.8948716615,-0.0622609572,0.9776724804,0
0.1365245085,-0.3233786502,0.0887024386,1.1971149117,1.7903770322,0.3632256676,0.6683949355,0
0.4998418739,0.005658768,1.0033947677,0.7565057931,0.1727257927,-0.1714962467,0.4682814853,0
0.2900357692,0.5065687373,1.1490372811,0.977866813,-0.2436672951,0.8603047012,0.2900403712,1
0.1866615853,1.4620141859,1.6470929068,0.17812746,1.4619660248,-0.0185178993,-0.4141365444,1
-0.0361232665,0.0994040216,0.9750469055,1.4420586605,-0.0716013815,0.9414725316,-0.0687016599,1
0.5785210522,0.578664829,0.5937843356,0.732226216,1.1942795269,-0.6260105213,1.0484433424,0
0.217195731,-0.1702984683,-0.0277945341,1.4356920656,1.1399803949,-0.1588547643,0.2797563366,0
-0.1642176882,1.2394247911,0.2726662002,-0.2379706119,-0.0683585037,2.0318454126,2.3276307242,0
-0.1327210228,0.828748663,0.2522920338,0.0715993085,0.2280900753,1.2240918977,0.9952047676,0
-0.201451607,-0.5319686627,-0.0434771318,1.0790272703,0.3190618647,0.1410804051,1.1573059979,0
-0.1418101955,-0.0592116954,0.320346717,1.4947249585,0.5500256319,-0.0119092729,1.3692934973,0
-0.0307808492,1.3288666346,0.9377096535,1.0741929621,0.2968741031,-0.0524205478,0.8674710526,1
0.1131020557,0.532865497,1.0970895989,1.3538864495,-0.1581946998,1.007997775,-0.0340055742,1
0.285773267,-0.7187859357,0.11410793,-0.2734791386,-0.0947746806,0.2723784166,-0.2132087761,0
-0.5160728584,1.2110743728,-0.0436418754,1.0743850241,0.9379218779,1.1994549407,0.3317311622,0
-0.2326558139,0.5389814494,0.90528063,0.6300277449,0.1205057972,-0.5589028352,0.8347645145,1
-0.6760837623,0.5270157186,0.7301738671,-0.0484669402,1.3043083733,0.5950623475,0.9946561864,1
